[2026-06-07 08:42:54] production.ERROR: Out of memory (allocated 16777216 bytes) (tried to allocate 94208 bytes) {"exception":"[object] (Symfony\\Component\\ErrorHandler\\Error\\FatalError(code: 0): Out of memory (allocated 16777216 bytes) (tried to allocate 94208 bytes) at D:/Digitefa/digitefa-jobportal-2026/lms-server-side/vendor/composer/ClassLoader.php:576)
[stacktrace]
#0 {main}
"} 
[2026-06-07 09:22:18] production.ERROR: Database file at path [D:\Digitefa\digitefa-jobportal-2026\lms-server-side\database\database.sqlite] does not exist. Ensure this is an absolute path to the database. (Connection: sqlite, SQL: select * from "courses") {"exception":"[object] (Illuminate\\Database\\QueryException(code: 0): Database file at path [D:\\Digitefa\\digitefa-jobportal-2026\\lms-server-side\\database\\database.sqlite] does not exist. Ensure this is an absolute path to the database. (Connection: sqlite, SQL: select * from \"courses\") at D:/Digitefa/digitefa-jobportal-2026/lms-server-side/vendor/laravel/framework/src/Illuminate/Database/Connection.php:825)
[stacktrace]
#0 D:/Digitefa/digitefa-jobportal-2026/lms-server-side/vendor/laravel/framework/src/Illuminate/Database/Connection.php(779): Illuminate/Database/Connection->runQueryCallback()
#1 D:/Digitefa/digitefa-jobportal-2026/lms-server-side/vendor/laravel/framework/src/Illuminate/Database/Connection.php(398): Illuminate/Database/Connection->run()
#2 D:/Digitefa/digitefa-jobportal-2026/lms-server-side/vendor/laravel/framework/src/Illuminate/Database/Query/Builder.php(3106): Illuminate/Database/Connection->select()
#3 D:/Digitefa/digitefa-jobportal-2026/lms-server-side/vendor/laravel/framework/src/Illuminate/Database/Query/Builder.php(3091): Illuminate/Database/Query/Builder->runSelect()
#4 D:/Digitefa/digitefa-jobportal-2026/lms-server-side/vendor/laravel/framework/src/Illuminate/Database/Query/Builder.php(3676): Illuminate/Database/Query/Builder->{closure:Illuminate/Database/Query/Builder::get():3090}()
#5 D:/Digitefa/digitefa-jobportal-2026/lms-server-side/vendor/laravel/framework/src/Illuminate/Database/Query/Builder.php(3090): Illuminate/Database/Query/Builder->onceWithColumns()
#6 D:/Digitefa/digitefa-jobportal-2026/lms-server-side/vendor/laravel/framework/src/Illuminate/Database/Eloquent/Builder.php(811): Illuminate/Database/Query/Builder->get()
#7 D:/Digitefa/digitefa-jobportal-2026/lms-server-side/vendor/laravel/framework/src/Illuminate/Database/Eloquent/Builder.php(793): Illuminate/Database/Eloquent/Builder->getModels()
#8 D:/Digitefa/digitefa-jobportal-2026/lms-server-side/vendor/laravel/framework/src/Illuminate/Support/Traits/ForwardsCalls.php(23): Illuminate/Database/Eloquent/Builder->get()
#9 D:/Digitefa/digitefa-jobportal-2026/lms-server-side/vendor/laravel/framework/src/Illuminate/Database/Eloquent/Model.php(2372): Illuminate/Database/Eloquent/Model->forwardCallTo()
#10 D:/Digitefa/digitefa-jobportal-2026/lms-server-side/app/Http/Controllers/CourseController.php(225): Illuminate/Database/Eloquent/Model->__call()
#11 D:/Digitefa/digitefa-jobportal-2026/lms-server-side/vendor/laravel/framework/src/Illuminate/Routing/ControllerDispatcher.php(47): App/Http/Controllers/CourseController->allCourse()
#12 D:/Digitefa/digitefa-jobportal-2026/lms-server-side/vendor/laravel/framework/src/Illuminate/Routing/Route.php(266): Illuminate/Routing/ControllerDispatcher->dispatch()
#13 D:/Digitefa/digitefa-jobportal-2026/lms-server-side/vendor/laravel/framework/src/Illuminate/Routing/Route.php(212): Illuminate/Routing/Route->runController()
#14 D:/Digitefa/digitefa-jobportal-2026/lms-server-side/vendor/laravel/framework/src/Illuminate/Routing/Router.php(808): Illuminate/Routing/Route->run()
#15 D:/Digitefa/digitefa-jobportal-2026/lms-server-side/vendor/laravel/framework/src/Illuminate/Pipeline/Pipeline.php(170): Illuminate/Routing/Router->{closure:Illuminate/Routing/Router::runRouteWithinStack():807}()
#16 D:/Digitefa/digitefa-jobportal-2026/lms-server-side/vendor/laravel/framework/src/Illuminate/Routing/Middleware/SubstituteBindings.php(51): Illuminate/Pipeline/Pipeline->{closure:Illuminate/Pipeline/Pipeline::prepareDestination():168}()
#17 D:/Digitefa/digitefa-jobportal-2026/lms-server-side/vendor/laravel/framework/src/Illuminate/Pipeline/Pipeline.php(209): Illuminate/Routing/Middleware/SubstituteBindings->handle()
#18 D:/Digitefa/digitefa-jobportal-2026/lms-server-side/app/Http/Middleware/ApiForceJsonResponse.php(18): Illuminate/Pipeline/Pipeline->{closure:{closure:Illuminate/Pipeline/Pipeline::carry():184}:185}()
#19 D:/Digitefa/digitefa-jobportal-2026/lms-server-side/vendor/laravel/framework/src/Illuminate/Pipeline/Pipeline.php(209): App/Http/Middleware/ApiForceJsonResponse->handle()
#20 D:/Digitefa/digitefa-jobportal-2026/lms-server-side/vendor/laravel/framework/src/Illuminate/Pipeline/Pipeline.php(127): Illuminate/Pipeline/Pipeline->{closure:{closure:Illuminate/Pipeline/Pipeline::carry():184}:185}()
#21 D:/Digitefa/digitefa-jobportal-2026/lms-server-side/vendor/laravel/framework/src/Illuminate/Routing/Router.php(807): Illuminate/Pipeline/Pipeline->then()
#22 D:/Digitefa/digitefa-jobportal-2026/lms-server-side/vendor/laravel/framework/src/Illuminate/Routing/Router.php(786): Illuminate/Routing/Router->runRouteWithinStack()
#23 D:/Digitefa/digitefa-jobportal-2026/lms-server-side/vendor/laravel/framework/src/Illuminate/Routing/Router.php(750): Illuminate/Routing/Router->runRoute()
#24 D:/Digitefa/digitefa-jobportal-2026/lms-server-side/vendor/laravel/framework/src/Illuminate/Routing/Router.php(739): Illuminate/Routing/Router->dispatchToRoute()
#25 D:/Digitefa/digitefa-jobportal-2026/lms-server-side/vendor/laravel/framework/src/Illuminate/Foundation/Http/Kernel.php(201): Illuminate/Routing/Router->dispatch()
#26 D:/Digitefa/digitefa-jobportal-2026/lms-server-side/vendor/laravel/framework/src/Illuminate/Pipeline/Pipeline.php(170): Illuminate/Foundation/Http/Kernel->{closure:Illuminate/Foundation/Http/Kernel::dispatchToRouter():198}()
#27 D:/Digitefa/digitefa-jobportal-2026/lms-server-side/vendor/laravel/framework/src/Illuminate/Foundation/Http/Middleware/TransformsRequest.php(21): Illuminate/Pipeline/Pipeline->{closure:Illuminate/Pipeline/Pipeline::prepareDestination():168}()
#28 D:/Digitefa/digitefa-jobportal-2026/lms-server-side/vendor/laravel/framework/src/Illuminate/Foundation/Http/Middleware/ConvertEmptyStringsToNull.php(31): Illuminate/Foundation/Http/Middleware/TransformsRequest->handle()
#29 D:/Digitefa/digitefa-jobportal-2026/lms-server-side/vendor/laravel/framework/src/Illuminate/Pipeline/Pipeline.php(209): Illuminate/Foundation/Http/Middleware/ConvertEmptyStringsToNull->handle()
#30 D:/Digitefa/digitefa-jobportal-2026/lms-server-side/vendor/laravel/framework/src/Illuminate/Foundation/Http/Middleware/TransformsRequest.php(21): Illuminate/Pipeline/Pipeline->{closure:{closure:Illuminate/Pipeline/Pipeline::carry():184}:185}()
#31 D:/Digitefa/digitefa-jobportal-2026/lms-server-side/vendor/laravel/framework/src/Illuminate/Foundation/Http/Middleware/TrimStrings.php(51): Illuminate/Foundation/Http/Middleware/TransformsRequest->handle()
#32 D:/Digitefa/digitefa-jobportal-2026/lms-server-side/vendor/laravel/framework/src/Illuminate/Pipeline/Pipeline.php(209): Illuminate/Foundation/Http/Middleware/TrimStrings->handle()
#33 D:/Digitefa/digitefa-jobportal-2026/lms-server-side/vendor/laravel/framework/src/Illuminate/Http/Middleware/ValidatePostSize.php(27): Illuminate/Pipeline/Pipeline->{closure:{closure:Illuminate/Pipeline/Pipeline::carry():184}:185}()
#34 D:/Digitefa/digitefa-jobportal-2026/lms-server-side/vendor/laravel/framework/src/Illuminate/Pipeline/Pipeline.php(209): Illuminate/Http/Middleware/ValidatePostSize->handle()
#35 D:/Digitefa/digitefa-jobportal-2026/lms-server-side/vendor/laravel/framework/src/Illuminate/Foundation/Http/Middleware/PreventRequestsDuringMaintenance.php(110): Illuminate/Pipeline/Pipeline->{closure:{closure:Illuminate/Pipeline/Pipeline::carry():184}:185}()
#36 D:/Digitefa/digitefa-jobportal-2026/lms-server-side/vendor/laravel/framework/src/Illuminate/Pipeline/Pipeline.php(209): Illuminate/Foundation/Http/Middleware/PreventRequestsDuringMaintenance->handle()
#37 D:/Digitefa/digitefa-jobportal-2026/lms-server-side/vendor/laravel/framework/src/Illuminate/Http/Middleware/HandleCors.php(62): Illuminate/Pipeline/Pipeline->{closure:{closure:Illuminate/Pipeline/Pipeline::carry():184}:185}()
#38 D:/Digitefa/digitefa-jobportal-2026/lms-server-side/vendor/laravel/framework/src/Illuminate/Pipeline/Pipeline.php(209): Illuminate/Http/Middleware/HandleCors->handle()
#39 D:/Digitefa/digitefa-jobportal-2026/lms-server-side/vendor/laravel/framework/src/Illuminate/Http/Middleware/TrustProxies.php(58): Illuminate/Pipeline/Pipeline->{closure:{closure:Illuminate/Pipeline/Pipeline::carry():184}:185}()
#40 D:/Digitefa/digitefa-jobportal-2026/lms-server-side/vendor/laravel/framework/src/Illuminate/Pipeline/Pipeline.php(209): Illuminate/Http/Middleware/TrustProxies->handle()
#41 D:/Digitefa/digitefa-jobportal-2026/lms-server-side/vendor/laravel/framework/src/Illuminate/Foundation/Http/Middleware/InvokeDeferredCallbacks.php(22): Illuminate/Pipeline/Pipeline->{closure:{closure:Illuminate/Pipeline/Pipeline::carry():184}:185}()
#42 D:/Digitefa/digitefa-jobportal-2026/lms-server-side/vendor/laravel/framework/src/Illuminate/Pipeline/Pipeline.php(209): Illuminate/Foundation/Http/Middleware/InvokeDeferredCallbacks->handle()
#43 D:/Digitefa/digitefa-jobportal-2026/lms-server-side/vendor/laravel/framework/src/Illuminate/Pipeline/Pipeline.php(127): Illuminate/Pipeline/Pipeline->{closure:{closure:Illuminate/Pipeline/Pipeline::carry():184}:185}()
#44 D:/Digitefa/digitefa-jobportal-2026/lms-server-side/vendor/laravel/framework/src/Illuminate/Foundation/Http/Kernel.php(176): Illuminate/Pipeline/Pipeline->then()
#45 D:/Digitefa/digitefa-jobportal-2026/lms-server-side/vendor/laravel/framework/src/Illuminate/Foundation/Http/Kernel.php(145): Illuminate/Foundation/Http/Kernel->sendRequestThroughRouter()
#46 D:/Digitefa/digitefa-jobportal-2026/lms-server-side/vendor/laravel/framework/src/Illuminate/Foundation/Application.php(1220): Illuminate/Foundation/Http/Kernel->handle()
#47 D:/Digitefa/digitefa-jobportal-2026/lms-server-side/public/index.php(17): Illuminate/Foundation/Application->handleRequest()
#48 D:/Digitefa/digitefa-jobportal-2026/lms-server-side/vendor/laravel/framework/src/Illuminate/Foundation/resources/server.php(23): require_once('...')
#49 {main}

[previous exception] [object] (Illuminate\\Database\\SQLiteDatabaseDoesNotExistException(code: 0): Database file at path [D:\\Digitefa\\digitefa-jobportal-2026\\lms-server-side\\database\\database.sqlite] does not exist. Ensure this is an absolute path to the database. at D:/Digitefa/digitefa-jobportal-2026/lms-server-side/vendor/laravel/framework/src/Illuminate/Database/Connectors/SQLiteConnector.php:37)
[stacktrace]
#0 D:/Digitefa/digitefa-jobportal-2026/lms-server-side/vendor/laravel/framework/src/Illuminate/Database/Connectors/ConnectionFactory.php(224): Illuminate/Database/Connectors/SQLiteConnector->connect()
#1 [internal function]: Illuminate/Database/Connectors/ConnectionFactory->{closure:Illuminate/Database/Connectors/ConnectionFactory::createPdoResolverWithoutHosts():224}()
#2 D:/Digitefa/digitefa-jobportal-2026/lms-server-side/vendor/laravel/framework/src/Illuminate/Database/Connection.php(1231): call_user_func()
#3 D:/Digitefa/digitefa-jobportal-2026/lms-server-side/vendor/laravel/framework/src/Illuminate/Database/Connection.php(1267): Illuminate/Database/Connection->getPdo()
#4 D:/Digitefa/digitefa-jobportal-2026/lms-server-side/vendor/laravel/framework/src/Illuminate/Database/Connection.php(512): Illuminate/Database/Connection->getReadPdo()
#5 D:/Digitefa/digitefa-jobportal-2026/lms-server-side/vendor/laravel/framework/src/Illuminate/Database/Connection.php(407): Illuminate/Database/Connection->getPdoForSelect()
#6 D:/Digitefa/digitefa-jobportal-2026/lms-server-side/vendor/laravel/framework/src/Illuminate/Database/Connection.php(812): Illuminate/Database/Connection->{closure:Illuminate/Database/Connection::select():398}()
#7 D:/Digitefa/digitefa-jobportal-2026/lms-server-side/vendor/laravel/framework/src/Illuminate/Database/Connection.php(779): Illuminate/Database/Connection->runQueryCallback()
#8 D:/Digitefa/digitefa-jobportal-2026/lms-server-side/vendor/laravel/framework/src/Illuminate/Database/Connection.php(398): Illuminate/Database/Connection->run()
#9 D:/Digitefa/digitefa-jobportal-2026/lms-server-side/vendor/laravel/framework/src/Illuminate/Database/Query/Builder.php(3106): Illuminate/Database/Connection->select()
#10 D:/Digitefa/digitefa-jobportal-2026/lms-server-side/vendor/laravel/framework/src/Illuminate/Database/Query/Builder.php(3091): Illuminate/Database/Query/Builder->runSelect()
#11 D:/Digitefa/digitefa-jobportal-2026/lms-server-side/vendor/laravel/framework/src/Illuminate/Database/Query/Builder.php(3676): Illuminate/Database/Query/Builder->{closure:Illuminate/Database/Query/Builder::get():3090}()
#12 D:/Digitefa/digitefa-jobportal-2026/lms-server-side/vendor/laravel/framework/src/Illuminate/Database/Query/Builder.php(3090): Illuminate/Database/Query/Builder->onceWithColumns()
#13 D:/Digitefa/digitefa-jobportal-2026/lms-server-side/vendor/laravel/framework/src/Illuminate/Database/Eloquent/Builder.php(811): Illuminate/Database/Query/Builder->get()
#14 D:/Digitefa/digitefa-jobportal-2026/lms-server-side/vendor/laravel/framework/src/Illuminate/Database/Eloquent/Builder.php(793): Illuminate/Database/Eloquent/Builder->getModels()
#15 D:/Digitefa/digitefa-jobportal-2026/lms-server-side/vendor/laravel/framework/src/Illuminate/Support/Traits/ForwardsCalls.php(23): Illuminate/Database/Eloquent/Builder->get()
#16 D:/Digitefa/digitefa-jobportal-2026/lms-server-side/vendor/laravel/framework/src/Illuminate/Database/Eloquent/Model.php(2372): Illuminate/Database/Eloquent/Model->forwardCallTo()
#17 D:/Digitefa/digitefa-jobportal-2026/lms-server-side/app/Http/Controllers/CourseController.php(225): Illuminate/Database/Eloquent/Model->__call()
#18 D:/Digitefa/digitefa-jobportal-2026/lms-server-side/vendor/laravel/framework/src/Illuminate/Routing/ControllerDispatcher.php(47): App/Http/Controllers/CourseController->allCourse()
#19 D:/Digitefa/digitefa-jobportal-2026/lms-server-side/vendor/laravel/framework/src/Illuminate/Routing/Route.php(266): Illuminate/Routing/ControllerDispatcher->dispatch()
#20 D:/Digitefa/digitefa-jobportal-2026/lms-server-side/vendor/laravel/framework/src/Illuminate/Routing/Route.php(212): Illuminate/Routing/Route->runController()
#21 D:/Digitefa/digitefa-jobportal-2026/lms-server-side/vendor/laravel/framework/src/Illuminate/Routing/Router.php(808): Illuminate/Routing/Route->run()
#22 D:/Digitefa/digitefa-jobportal-2026/lms-server-side/vendor/laravel/framework/src/Illuminate/Pipeline/Pipeline.php(170): Illuminate/Routing/Router->{closure:Illuminate/Routing/Router::runRouteWithinStack():807}()
#23 D:/Digitefa/digitefa-jobportal-2026/lms-server-side/vendor/laravel/framework/src/Illuminate/Routing/Middleware/SubstituteBindings.php(51): Illuminate/Pipeline/Pipeline->{closure:Illuminate/Pipeline/Pipeline::prepareDestination():168}()
#24 D:/Digitefa/digitefa-jobportal-2026/lms-server-side/vendor/laravel/framework/src/Illuminate/Pipeline/Pipeline.php(209): Illuminate/Routing/Middleware/SubstituteBindings->handle()
#25 D:/Digitefa/digitefa-jobportal-2026/lms-server-side/app/Http/Middleware/ApiForceJsonResponse.php(18): Illuminate/Pipeline/Pipeline->{closure:{closure:Illuminate/Pipeline/Pipeline::carry():184}:185}()
#26 D:/Digitefa/digitefa-jobportal-2026/lms-server-side/vendor/laravel/framework/src/Illuminate/Pipeline/Pipeline.php(209): App/Http/Middleware/ApiForceJsonResponse->handle()
#27 D:/Digitefa/digitefa-jobportal-2026/lms-server-side/vendor/laravel/framework/src/Illuminate/Pipeline/Pipeline.php(127): Illuminate/Pipeline/Pipeline->{closure:{closure:Illuminate/Pipeline/Pipeline::carry():184}:185}()
#28 D:/Digitefa/digitefa-jobportal-2026/lms-server-side/vendor/laravel/framework/src/Illuminate/Routing/Router.php(807): Illuminate/Pipeline/Pipeline->then()
#29 D:/Digitefa/digitefa-jobportal-2026/lms-server-side/vendor/laravel/framework/src/Illuminate/Routing/Router.php(786): Illuminate/Routing/Router->runRouteWithinStack()
#30 D:/Digitefa/digitefa-jobportal-2026/lms-server-side/vendor/laravel/framework/src/Illuminate/Routing/Router.php(750): Illuminate/Routing/Router->runRoute()
#31 D:/Digitefa/digitefa-jobportal-2026/lms-server-side/vendor/laravel/framework/src/Illuminate/Routing/Router.php(739): Illuminate/Routing/Router->dispatchToRoute()
#32 D:/Digitefa/digitefa-jobportal-2026/lms-server-side/vendor/laravel/framework/src/Illuminate/Foundation/Http/Kernel.php(201): Illuminate/Routing/Router->dispatch()
#33 D:/Digitefa/digitefa-jobportal-2026/lms-server-side/vendor/laravel/framework/src/Illuminate/Pipeline/Pipeline.php(170): Illuminate/Foundation/Http/Kernel->{closure:Illuminate/Foundation/Http/Kernel::dispatchToRouter():198}()
#34 D:/Digitefa/digitefa-jobportal-2026/lms-server-side/vendor/laravel/framework/src/Illuminate/Foundation/Http/Middleware/TransformsRequest.php(21): Illuminate/Pipeline/Pipeline->{closure:Illuminate/Pipeline/Pipeline::prepareDestination():168}()
#35 D:/Digitefa/digitefa-jobportal-2026/lms-server-side/vendor/laravel/framework/src/Illuminate/Foundation/Http/Middleware/ConvertEmptyStringsToNull.php(31): Illuminate/Foundation/Http/Middleware/TransformsRequest->handle()
#36 D:/Digitefa/digitefa-jobportal-2026/lms-server-side/vendor/laravel/framework/src/Illuminate/Pipeline/Pipeline.php(209): Illuminate/Foundation/Http/Middleware/ConvertEmptyStringsToNull->handle()
#37 D:/Digitefa/digitefa-jobportal-2026/lms-server-side/vendor/laravel/framework/src/Illuminate/Foundation/Http/Middleware/TransformsRequest.php(21): Illuminate/Pipeline/Pipeline->{closure:{closure:Illuminate/Pipeline/Pipeline::carry():184}:185}()
#38 D:/Digitefa/digitefa-jobportal-2026/lms-server-side/vendor/laravel/framework/src/Illuminate/Foundation/Http/Middleware/TrimStrings.php(51): Illuminate/Foundation/Http/Middleware/TransformsRequest->handle()
#39 D:/Digitefa/digitefa-jobportal-2026/lms-server-side/vendor/laravel/framework/src/Illuminate/Pipeline/Pipeline.php(209): Illuminate/Foundation/Http/Middleware/TrimStrings->handle()
#40 D:/Digitefa/digitefa-jobportal-2026/lms-server-side/vendor/laravel/framework/src/Illuminate/Http/Middleware/ValidatePostSize.php(27): Illuminate/Pipeline/Pipeline->{closure:{closure:Illuminate/Pipeline/Pipeline::carry():184}:185}()
#41 D:/Digitefa/digitefa-jobportal-2026/lms-server-side/vendor/laravel/framework/src/Illuminate/Pipeline/Pipeline.php(209): Illuminate/Http/Middleware/ValidatePostSize->handle()
#42 D:/Digitefa/digitefa-jobportal-2026/lms-server-side/vendor/laravel/framework/src/Illuminate/Foundation/Http/Middleware/PreventRequestsDuringMaintenance.php(110): Illuminate/Pipeline/Pipeline->{closure:{closure:Illuminate/Pipeline/Pipeline::carry():184}:185}()
#43 D:/Digitefa/digitefa-jobportal-2026/lms-server-side/vendor/laravel/framework/src/Illuminate/Pipeline/Pipeline.php(209): Illuminate/Foundation/Http/Middleware/PreventRequestsDuringMaintenance->handle()
#44 D:/Digitefa/digitefa-jobportal-2026/lms-server-side/vendor/laravel/framework/src/Illuminate/Http/Middleware/HandleCors.php(62): Illuminate/Pipeline/Pipeline->{closure:{closure:Illuminate/Pipeline/Pipeline::carry():184}:185}()
#45 D:/Digitefa/digitefa-jobportal-2026/lms-server-side/vendor/laravel/framework/src/Illuminate/Pipeline/Pipeline.php(209): Illuminate/Http/Middleware/HandleCors->handle()
#46 D:/Digitefa/digitefa-jobportal-2026/lms-server-side/vendor/laravel/framework/src/Illuminate/Http/Middleware/TrustProxies.php(58): Illuminate/Pipeline/Pipeline->{closure:{closure:Illuminate/Pipeline/Pipeline::carry():184}:185}()
#47 D:/Digitefa/digitefa-jobportal-2026/lms-server-side/vendor/laravel/framework/src/Illuminate/Pipeline/Pipeline.php(209): Illuminate/Http/Middleware/TrustProxies->handle()
#48 D:/Digitefa/digitefa-jobportal-2026/lms-server-side/vendor/laravel/framework/src/Illuminate/Foundation/Http/Middleware/InvokeDeferredCallbacks.php(22): Illuminate/Pipeline/Pipeline->{closure:{closure:Illuminate/Pipeline/Pipeline::carry():184}:185}()
#49 D:/Digitefa/digitefa-jobportal-2026/lms-server-side/vendor/laravel/framework/src/Illuminate/Pipeline/Pipeline.php(209): Illuminate/Foundation/Http/Middleware/InvokeDeferredCallbacks->handle()
#50 D:/Digitefa/digitefa-jobportal-2026/lms-server-side/vendor/laravel/framework/src/Illuminate/Pipeline/Pipeline.php(127): Illuminate/Pipeline/Pipeline->{closure:{closure:Illuminate/Pipeline/Pipeline::carry():184}:185}()
#51 D:/Digitefa/digitefa-jobportal-2026/lms-server-side/vendor/laravel/framework/src/Illuminate/Foundation/Http/Kernel.php(176): Illuminate/Pipeline/Pipeline->then()
#52 D:/Digitefa/digitefa-jobportal-2026/lms-server-side/vendor/laravel/framework/src/Illuminate/Foundation/Http/Kernel.php(145): Illuminate/Foundation/Http/Kernel->sendRequestThroughRouter()
#53 D:/Digitefa/digitefa-jobportal-2026/lms-server-side/vendor/laravel/framework/src/Illuminate/Foundation/Application.php(1220): Illuminate/Foundation/Http/Kernel->handle()
#54 D:/Digitefa/digitefa-jobportal-2026/lms-server-side/public/index.php(17): Illuminate/Foundation/Application->handleRequest()
#55 D:/Digitefa/digitefa-jobportal-2026/lms-server-side/vendor/laravel/framework/src/Illuminate/Foundation/resources/server.php(23): require_once('...')
#56 {main}
"} 
[2026-06-08 00:12:49] production.ERROR: Database file at path [C:\Akmal\Digitefa\digitefa-jobportal-2026\lms-server-side\database\database.sqlite] does not exist. Ensure this is an absolute path to the database. (Connection: sqlite, SQL: select * from "courses") {"exception":"[object] (Illuminate\\Database\\QueryException(code: 0): Database file at path [C:\\Akmal\\Digitefa\\digitefa-jobportal-2026\\lms-server-side\\database\\database.sqlite] does not exist. Ensure this is an absolute path to the database. (Connection: sqlite, SQL: select * from \"courses\") at C:/Akmal/Digitefa/digitefa-jobportal-2026/lms-server-side/vendor/laravel/framework/src/Illuminate/Database/Connection.php:825)
[stacktrace]
#0 C:/Akmal/Digitefa/digitefa-jobportal-2026/lms-server-side/vendor/laravel/framework/src/Illuminate/Database/Connection.php(779): Illuminate/Database/Connection->runQueryCallback()
#1 C:/Akmal/Digitefa/digitefa-jobportal-2026/lms-server-side/vendor/laravel/framework/src/Illuminate/Database/Connection.php(398): Illuminate/Database/Connection->run()
#2 C:/Akmal/Digitefa/digitefa-jobportal-2026/lms-server-side/vendor/laravel/framework/src/Illuminate/Database/Query/Builder.php(3106): Illuminate/Database/Connection->select()
#3 C:/Akmal/Digitefa/digitefa-jobportal-2026/lms-server-side/vendor/laravel/framework/src/Illuminate/Database/Query/Builder.php(3091): Illuminate/Database/Query/Builder->runSelect()
#4 C:/Akmal/Digitefa/digitefa-jobportal-2026/lms-server-side/vendor/laravel/framework/src/Illuminate/Database/Query/Builder.php(3676): Illuminate/Database/Query/Builder->{closure:Illuminate/Database/Query/Builder::get():3090}()
#5 C:/Akmal/Digitefa/digitefa-jobportal-2026/lms-server-side/vendor/laravel/framework/src/Illuminate/Database/Query/Builder.php(3090): Illuminate/Database/Query/Builder->onceWithColumns()
#6 C:/Akmal/Digitefa/digitefa-jobportal-2026/lms-server-side/vendor/laravel/framework/src/Illuminate/Database/Eloquent/Builder.php(811): Illuminate/Database/Query/Builder->get()
#7 C:/Akmal/Digitefa/digitefa-jobportal-2026/lms-server-side/vendor/laravel/framework/src/Illuminate/Database/Eloquent/Builder.php(793): Illuminate/Database/Eloquent/Builder->getModels()
#8 C:/Akmal/Digitefa/digitefa-jobportal-2026/lms-server-side/vendor/laravel/framework/src/Illuminate/Support/Traits/ForwardsCalls.php(23): Illuminate/Database/Eloquent/Builder->get()
#9 C:/Akmal/Digitefa/digitefa-jobportal-2026/lms-server-side/vendor/laravel/framework/src/Illuminate/Database/Eloquent/Model.php(2372): Illuminate/Database/Eloquent/Model->forwardCallTo()
#10 C:/Akmal/Digitefa/digitefa-jobportal-2026/lms-server-side/app/Http/Controllers/CourseController.php(225): Illuminate/Database/Eloquent/Model->__call()
#11 C:/Akmal/Digitefa/digitefa-jobportal-2026/lms-server-side/vendor/laravel/framework/src/Illuminate/Routing/ControllerDispatcher.php(47): App/Http/Controllers/CourseController->allCourse()
#12 C:/Akmal/Digitefa/digitefa-jobportal-2026/lms-server-side/vendor/laravel/framework/src/Illuminate/Routing/Route.php(266): Illuminate/Routing/ControllerDispatcher->dispatch()
#13 C:/Akmal/Digitefa/digitefa-jobportal-2026/lms-server-side/vendor/laravel/framework/src/Illuminate/Routing/Route.php(212): Illuminate/Routing/Route->runController()
#14 C:/Akmal/Digitefa/digitefa-jobportal-2026/lms-server-side/vendor/laravel/framework/src/Illuminate/Routing/Router.php(808): Illuminate/Routing/Route->run()
#15 C:/Akmal/Digitefa/digitefa-jobportal-2026/lms-server-side/vendor/laravel/framework/src/Illuminate/Pipeline/Pipeline.php(170): Illuminate/Routing/Router->{closure:Illuminate/Routing/Router::runRouteWithinStack():807}()
#16 C:/Akmal/Digitefa/digitefa-jobportal-2026/lms-server-side/vendor/laravel/framework/src/Illuminate/Routing/Middleware/SubstituteBindings.php(51): Illuminate/Pipeline/Pipeline->{closure:Illuminate/Pipeline/Pipeline::prepareDestination():168}()
#17 C:/Akmal/Digitefa/digitefa-jobportal-2026/lms-server-side/vendor/laravel/framework/src/Illuminate/Pipeline/Pipeline.php(209): Illuminate/Routing/Middleware/SubstituteBindings->handle()
#18 C:/Akmal/Digitefa/digitefa-jobportal-2026/lms-server-side/app/Http/Middleware/ApiForceJsonResponse.php(18): Illuminate/Pipeline/Pipeline->{closure:{closure:Illuminate/Pipeline/Pipeline::carry():184}:185}()
#19 C:/Akmal/Digitefa/digitefa-jobportal-2026/lms-server-side/vendor/laravel/framework/src/Illuminate/Pipeline/Pipeline.php(209): App/Http/Middleware/ApiForceJsonResponse->handle()
#20 C:/Akmal/Digitefa/digitefa-jobportal-2026/lms-server-side/vendor/laravel/framework/src/Illuminate/Pipeline/Pipeline.php(127): Illuminate/Pipeline/Pipeline->{closure:{closure:Illuminate/Pipeline/Pipeline::carry():184}:185}()
#21 C:/Akmal/Digitefa/digitefa-jobportal-2026/lms-server-side/vendor/laravel/framework/src/Illuminate/Routing/Router.php(807): Illuminate/Pipeline/Pipeline->then()
#22 C:/Akmal/Digitefa/digitefa-jobportal-2026/lms-server-side/vendor/laravel/framework/src/Illuminate/Routing/Router.php(786): Illuminate/Routing/Router->runRouteWithinStack()
#23 C:/Akmal/Digitefa/digitefa-jobportal-2026/lms-server-side/vendor/laravel/framework/src/Illuminate/Routing/Router.php(750): Illuminate/Routing/Router->runRoute()
#24 C:/Akmal/Digitefa/digitefa-jobportal-2026/lms-server-side/vendor/laravel/framework/src/Illuminate/Routing/Router.php(739): Illuminate/Routing/Router->dispatchToRoute()
#25 C:/Akmal/Digitefa/digitefa-jobportal-2026/lms-server-side/vendor/laravel/framework/src/Illuminate/Foundation/Http/Kernel.php(201): Illuminate/Routing/Router->dispatch()
#26 C:/Akmal/Digitefa/digitefa-jobportal-2026/lms-server-side/vendor/laravel/framework/src/Illuminate/Pipeline/Pipeline.php(170): Illuminate/Foundation/Http/Kernel->{closure:Illuminate/Foundation/Http/Kernel::dispatchToRouter():198}()
#27 C:/Akmal/Digitefa/digitefa-jobportal-2026/lms-server-side/vendor/laravel/framework/src/Illuminate/Foundation/Http/Middleware/TransformsRequest.php(21): Illuminate/Pipeline/Pipeline->{closure:Illuminate/Pipeline/Pipeline::prepareDestination():168}()
#28 C:/Akmal/Digitefa/digitefa-jobportal-2026/lms-server-side/vendor/laravel/framework/src/Illuminate/Foundation/Http/Middleware/ConvertEmptyStringsToNull.php(31): Illuminate/Foundation/Http/Middleware/TransformsRequest->handle()
#29 C:/Akmal/Digitefa/digitefa-jobportal-2026/lms-server-side/vendor/laravel/framework/src/Illuminate/Pipeline/Pipeline.php(209): Illuminate/Foundation/Http/Middleware/ConvertEmptyStringsToNull->handle()
#30 C:/Akmal/Digitefa/digitefa-jobportal-2026/lms-server-side/vendor/laravel/framework/src/Illuminate/Foundation/Http/Middleware/TransformsRequest.php(21): Illuminate/Pipeline/Pipeline->{closure:{closure:Illuminate/Pipeline/Pipeline::carry():184}:185}()
#31 C:/Akmal/Digitefa/digitefa-jobportal-2026/lms-server-side/vendor/laravel/framework/src/Illuminate/Foundation/Http/Middleware/TrimStrings.php(51): Illuminate/Foundation/Http/Middleware/TransformsRequest->handle()
#32 C:/Akmal/Digitefa/digitefa-jobportal-2026/lms-server-side/vendor/laravel/framework/src/Illuminate/Pipeline/Pipeline.php(209): Illuminate/Foundation/Http/Middleware/TrimStrings->handle()
#33 C:/Akmal/Digitefa/digitefa-jobportal-2026/lms-server-side/vendor/laravel/framework/src/Illuminate/Http/Middleware/ValidatePostSize.php(27): Illuminate/Pipeline/Pipeline->{closure:{closure:Illuminate/Pipeline/Pipeline::carry():184}:185}()
#34 C:/Akmal/Digitefa/digitefa-jobportal-2026/lms-server-side/vendor/laravel/framework/src/Illuminate/Pipeline/Pipeline.php(209): Illuminate/Http/Middleware/ValidatePostSize->handle()
#35 C:/Akmal/Digitefa/digitefa-jobportal-2026/lms-server-side/vendor/laravel/framework/src/Illuminate/Foundation/Http/Middleware/PreventRequestsDuringMaintenance.php(110): Illuminate/Pipeline/Pipeline->{closure:{closure:Illuminate/Pipeline/Pipeline::carry():184}:185}()
#36 C:/Akmal/Digitefa/digitefa-jobportal-2026/lms-server-side/vendor/laravel/framework/src/Illuminate/Pipeline/Pipeline.php(209): Illuminate/Foundation/Http/Middleware/PreventRequestsDuringMaintenance->handle()
#37 C:/Akmal/Digitefa/digitefa-jobportal-2026/lms-server-side/vendor/laravel/framework/src/Illuminate/Http/Middleware/HandleCors.php(62): Illuminate/Pipeline/Pipeline->{closure:{closure:Illuminate/Pipeline/Pipeline::carry():184}:185}()
#38 C:/Akmal/Digitefa/digitefa-jobportal-2026/lms-server-side/vendor/laravel/framework/src/Illuminate/Pipeline/Pipeline.php(209): Illuminate/Http/Middleware/HandleCors->handle()
#39 C:/Akmal/Digitefa/digitefa-jobportal-2026/lms-server-side/vendor/laravel/framework/src/Illuminate/Http/Middleware/TrustProxies.php(58): Illuminate/Pipeline/Pipeline->{closure:{closure:Illuminate/Pipeline/Pipeline::carry():184}:185}()
#40 C:/Akmal/Digitefa/digitefa-jobportal-2026/lms-server-side/vendor/laravel/framework/src/Illuminate/Pipeline/Pipeline.php(209): Illuminate/Http/Middleware/TrustProxies->handle()
#41 C:/Akmal/Digitefa/digitefa-jobportal-2026/lms-server-side/vendor/laravel/framework/src/Illuminate/Foundation/Http/Middleware/InvokeDeferredCallbacks.php(22): Illuminate/Pipeline/Pipeline->{closure:{closure:Illuminate/Pipeline/Pipeline::carry():184}:185}()
#42 C:/Akmal/Digitefa/digitefa-jobportal-2026/lms-server-side/vendor/laravel/framework/src/Illuminate/Pipeline/Pipeline.php(209): Illuminate/Foundation/Http/Middleware/InvokeDeferredCallbacks->handle()
#43 C:/Akmal/Digitefa/digitefa-jobportal-2026/lms-server-side/vendor/laravel/framework/src/Illuminate/Pipeline/Pipeline.php(127): Illuminate/Pipeline/Pipeline->{closure:{closure:Illuminate/Pipeline/Pipeline::carry():184}:185}()
#44 C:/Akmal/Digitefa/digitefa-jobportal-2026/lms-server-side/vendor/laravel/framework/src/Illuminate/Foundation/Http/Kernel.php(176): Illuminate/Pipeline/Pipeline->then()
#45 C:/Akmal/Digitefa/digitefa-jobportal-2026/lms-server-side/vendor/laravel/framework/src/Illuminate/Foundation/Http/Kernel.php(145): Illuminate/Foundation/Http/Kernel->sendRequestThroughRouter()
#46 C:/Akmal/Digitefa/digitefa-jobportal-2026/lms-server-side/vendor/laravel/framework/src/Illuminate/Foundation/Application.php(1220): Illuminate/Foundation/Http/Kernel->handle()
#47 C:/Akmal/Digitefa/digitefa-jobportal-2026/lms-server-side/public/index.php(17): Illuminate/Foundation/Application->handleRequest()
#48 C:/Akmal/Digitefa/digitefa-jobportal-2026/lms-server-side/vendor/laravel/framework/src/Illuminate/Foundation/resources/server.php(23): require_once('...')
#49 {main}

[previous exception] [object] (Illuminate\\Database\\SQLiteDatabaseDoesNotExistException(code: 0): Database file at path [C:\\Akmal\\Digitefa\\digitefa-jobportal-2026\\lms-server-side\\database\\database.sqlite] does not exist. Ensure this is an absolute path to the database. at C:/Akmal/Digitefa/digitefa-jobportal-2026/lms-server-side/vendor/laravel/framework/src/Illuminate/Database/Connectors/SQLiteConnector.php:37)
[stacktrace]
#0 C:/Akmal/Digitefa/digitefa-jobportal-2026/lms-server-side/vendor/laravel/framework/src/Illuminate/Database/Connectors/ConnectionFactory.php(224): Illuminate/Database/Connectors/SQLiteConnector->connect()
#1 [internal function]: Illuminate/Database/Connectors/ConnectionFactory->{closure:Illuminate/Database/Connectors/ConnectionFactory::createPdoResolverWithoutHosts():224}()
#2 C:/Akmal/Digitefa/digitefa-jobportal-2026/lms-server-side/vendor/laravel/framework/src/Illuminate/Database/Connection.php(1231): call_user_func()
#3 C:/Akmal/Digitefa/digitefa-jobportal-2026/lms-server-side/vendor/laravel/framework/src/Illuminate/Database/Connection.php(1267): Illuminate/Database/Connection->getPdo()
#4 C:/Akmal/Digitefa/digitefa-jobportal-2026/lms-server-side/vendor/laravel/framework/src/Illuminate/Database/Connection.php(512): Illuminate/Database/Connection->getReadPdo()
#5 C:/Akmal/Digitefa/digitefa-jobportal-2026/lms-server-side/vendor/laravel/framework/src/Illuminate/Database/Connection.php(407): Illuminate/Database/Connection->getPdoForSelect()
#6 C:/Akmal/Digitefa/digitefa-jobportal-2026/lms-server-side/vendor/laravel/framework/src/Illuminate/Database/Connection.php(812): Illuminate/Database/Connection->{closure:Illuminate/Database/Connection::select():398}()
#7 C:/Akmal/Digitefa/digitefa-jobportal-2026/lms-server-side/vendor/laravel/framework/src/Illuminate/Database/Connection.php(779): Illuminate/Database/Connection->runQueryCallback()
#8 C:/Akmal/Digitefa/digitefa-jobportal-2026/lms-server-side/vendor/laravel/framework/src/Illuminate/Database/Connection.php(398): Illuminate/Database/Connection->run()
#9 C:/Akmal/Digitefa/digitefa-jobportal-2026/lms-server-side/vendor/laravel/framework/src/Illuminate/Database/Query/Builder.php(3106): Illuminate/Database/Connection->select()
#10 C:/Akmal/Digitefa/digitefa-jobportal-2026/lms-server-side/vendor/laravel/framework/src/Illuminate/Database/Query/Builder.php(3091): Illuminate/Database/Query/Builder->runSelect()
#11 C:/Akmal/Digitefa/digitefa-jobportal-2026/lms-server-side/vendor/laravel/framework/src/Illuminate/Database/Query/Builder.php(3676): Illuminate/Database/Query/Builder->{closure:Illuminate/Database/Query/Builder::get():3090}()
#12 C:/Akmal/Digitefa/digitefa-jobportal-2026/lms-server-side/vendor/laravel/framework/src/Illuminate/Database/Query/Builder.php(3090): Illuminate/Database/Query/Builder->onceWithColumns()
#13 C:/Akmal/Digitefa/digitefa-jobportal-2026/lms-server-side/vendor/laravel/framework/src/Illuminate/Database/Eloquent/Builder.php(811): Illuminate/Database/Query/Builder->get()
#14 C:/Akmal/Digitefa/digitefa-jobportal-2026/lms-server-side/vendor/laravel/framework/src/Illuminate/Database/Eloquent/Builder.php(793): Illuminate/Database/Eloquent/Builder->getModels()
#15 C:/Akmal/Digitefa/digitefa-jobportal-2026/lms-server-side/vendor/laravel/framework/src/Illuminate/Support/Traits/ForwardsCalls.php(23): Illuminate/Database/Eloquent/Builder->get()
#16 C:/Akmal/Digitefa/digitefa-jobportal-2026/lms-server-side/vendor/laravel/framework/src/Illuminate/Database/Eloquent/Model.php(2372): Illuminate/Database/Eloquent/Model->forwardCallTo()
#17 C:/Akmal/Digitefa/digitefa-jobportal-2026/lms-server-side/app/Http/Controllers/CourseController.php(225): Illuminate/Database/Eloquent/Model->__call()
#18 C:/Akmal/Digitefa/digitefa-jobportal-2026/lms-server-side/vendor/laravel/framework/src/Illuminate/Routing/ControllerDispatcher.php(47): App/Http/Controllers/CourseController->allCourse()
#19 C:/Akmal/Digitefa/digitefa-jobportal-2026/lms-server-side/vendor/laravel/framework/src/Illuminate/Routing/Route.php(266): Illuminate/Routing/ControllerDispatcher->dispatch()
#20 C:/Akmal/Digitefa/digitefa-jobportal-2026/lms-server-side/vendor/laravel/framework/src/Illuminate/Routing/Route.php(212): Illuminate/Routing/Route->runController()
#21 C:/Akmal/Digitefa/digitefa-jobportal-2026/lms-server-side/vendor/laravel/framework/src/Illuminate/Routing/Router.php(808): Illuminate/Routing/Route->run()
#22 C:/Akmal/Digitefa/digitefa-jobportal-2026/lms-server-side/vendor/laravel/framework/src/Illuminate/Pipeline/Pipeline.php(170): Illuminate/Routing/Router->{closure:Illuminate/Routing/Router::runRouteWithinStack():807}()
#23 C:/Akmal/Digitefa/digitefa-jobportal-2026/lms-server-side/vendor/laravel/framework/src/Illuminate/Routing/Middleware/SubstituteBindings.php(51): Illuminate/Pipeline/Pipeline->{closure:Illuminate/Pipeline/Pipeline::prepareDestination():168}()
#24 C:/Akmal/Digitefa/digitefa-jobportal-2026/lms-server-side/vendor/laravel/framework/src/Illuminate/Pipeline/Pipeline.php(209): Illuminate/Routing/Middleware/SubstituteBindings->handle()
#25 C:/Akmal/Digitefa/digitefa-jobportal-2026/lms-server-side/app/Http/Middleware/ApiForceJsonResponse.php(18): Illuminate/Pipeline/Pipeline->{closure:{closure:Illuminate/Pipeline/Pipeline::carry():184}:185}()
#26 C:/Akmal/Digitefa/digitefa-jobportal-2026/lms-server-side/vendor/laravel/framework/src/Illuminate/Pipeline/Pipeline.php(209): App/Http/Middleware/ApiForceJsonResponse->handle()
#27 C:/Akmal/Digitefa/digitefa-jobportal-2026/lms-server-side/vendor/laravel/framework/src/Illuminate/Pipeline/Pipeline.php(127): Illuminate/Pipeline/Pipeline->{closure:{closure:Illuminate/Pipeline/Pipeline::carry():184}:185}()
#28 C:/Akmal/Digitefa/digitefa-jobportal-2026/lms-server-side/vendor/laravel/framework/src/Illuminate/Routing/Router.php(807): Illuminate/Pipeline/Pipeline->then()
#29 C:/Akmal/Digitefa/digitefa-jobportal-2026/lms-server-side/vendor/laravel/framework/src/Illuminate/Routing/Router.php(786): Illuminate/Routing/Router->runRouteWithinStack()
#30 C:/Akmal/Digitefa/digitefa-jobportal-2026/lms-server-side/vendor/laravel/framework/src/Illuminate/Routing/Router.php(750): Illuminate/Routing/Router->runRoute()
#31 C:/Akmal/Digitefa/digitefa-jobportal-2026/lms-server-side/vendor/laravel/framework/src/Illuminate/Routing/Router.php(739): Illuminate/Routing/Router->dispatchToRoute()
#32 C:/Akmal/Digitefa/digitefa-jobportal-2026/lms-server-side/vendor/laravel/framework/src/Illuminate/Foundation/Http/Kernel.php(201): Illuminate/Routing/Router->dispatch()
#33 C:/Akmal/Digitefa/digitefa-jobportal-2026/lms-server-side/vendor/laravel/framework/src/Illuminate/Pipeline/Pipeline.php(170): Illuminate/Foundation/Http/Kernel->{closure:Illuminate/Foundation/Http/Kernel::dispatchToRouter():198}()
#34 C:/Akmal/Digitefa/digitefa-jobportal-2026/lms-server-side/vendor/laravel/framework/src/Illuminate/Foundation/Http/Middleware/TransformsRequest.php(21): Illuminate/Pipeline/Pipeline->{closure:Illuminate/Pipeline/Pipeline::prepareDestination():168}()
#35 C:/Akmal/Digitefa/digitefa-jobportal-2026/lms-server-side/vendor/laravel/framework/src/Illuminate/Foundation/Http/Middleware/ConvertEmptyStringsToNull.php(31): Illuminate/Foundation/Http/Middleware/TransformsRequest->handle()
#36 C:/Akmal/Digitefa/digitefa-jobportal-2026/lms-server-side/vendor/laravel/framework/src/Illuminate/Pipeline/Pipeline.php(209): Illuminate/Foundation/Http/Middleware/ConvertEmptyStringsToNull->handle()
#37 C:/Akmal/Digitefa/digitefa-jobportal-2026/lms-server-side/vendor/laravel/framework/src/Illuminate/Foundation/Http/Middleware/TransformsRequest.php(21): Illuminate/Pipeline/Pipeline->{closure:{closure:Illuminate/Pipeline/Pipeline::carry():184}:185}()
#38 C:/Akmal/Digitefa/digitefa-jobportal-2026/lms-server-side/vendor/laravel/framework/src/Illuminate/Foundation/Http/Middleware/TrimStrings.php(51): Illuminate/Foundation/Http/Middleware/TransformsRequest->handle()
#39 C:/Akmal/Digitefa/digitefa-jobportal-2026/lms-server-side/vendor/laravel/framework/src/Illuminate/Pipeline/Pipeline.php(209): Illuminate/Foundation/Http/Middleware/TrimStrings->handle()
#40 C:/Akmal/Digitefa/digitefa-jobportal-2026/lms-server-side/vendor/laravel/framework/src/Illuminate/Http/Middleware/ValidatePostSize.php(27): Illuminate/Pipeline/Pipeline->{closure:{closure:Illuminate/Pipeline/Pipeline::carry():184}:185}()
#41 C:/Akmal/Digitefa/digitefa-jobportal-2026/lms-server-side/vendor/laravel/framework/src/Illuminate/Pipeline/Pipeline.php(209): Illuminate/Http/Middleware/ValidatePostSize->handle()
#42 C:/Akmal/Digitefa/digitefa-jobportal-2026/lms-server-side/vendor/laravel/framework/src/Illuminate/Foundation/Http/Middleware/PreventRequestsDuringMaintenance.php(110): Illuminate/Pipeline/Pipeline->{closure:{closure:Illuminate/Pipeline/Pipeline::carry():184}:185}()
#43 C:/Akmal/Digitefa/digitefa-jobportal-2026/lms-server-side/vendor/laravel/framework/src/Illuminate/Pipeline/Pipeline.php(209): Illuminate/Foundation/Http/Middleware/PreventRequestsDuringMaintenance->handle()
#44 C:/Akmal/Digitefa/digitefa-jobportal-2026/lms-server-side/vendor/laravel/framework/src/Illuminate/Http/Middleware/HandleCors.php(62): Illuminate/Pipeline/Pipeline->{closure:{closure:Illuminate/Pipeline/Pipeline::carry():184}:185}()
#45 C:/Akmal/Digitefa/digitefa-jobportal-2026/lms-server-side/vendor/laravel/framework/src/Illuminate/Pipeline/Pipeline.php(209): Illuminate/Http/Middleware/HandleCors->handle()
#46 C:/Akmal/Digitefa/digitefa-jobportal-2026/lms-server-side/vendor/laravel/framework/src/Illuminate/Http/Middleware/TrustProxies.php(58): Illuminate/Pipeline/Pipeline->{closure:{closure:Illuminate/Pipeline/Pipeline::carry():184}:185}()
#47 C:/Akmal/Digitefa/digitefa-jobportal-2026/lms-server-side/vendor/laravel/framework/src/Illuminate/Pipeline/Pipeline.php(209): Illuminate/Http/Middleware/TrustProxies->handle()
#48 C:/Akmal/Digitefa/digitefa-jobportal-2026/lms-server-side/vendor/laravel/framework/src/Illuminate/Foundation/Http/Middleware/InvokeDeferredCallbacks.php(22): Illuminate/Pipeline/Pipeline->{closure:{closure:Illuminate/Pipeline/Pipeline::carry():184}:185}()
#49 C:/Akmal/Digitefa/digitefa-jobportal-2026/lms-server-side/vendor/laravel/framework/src/Illuminate/Pipeline/Pipeline.php(209): Illuminate/Foundation/Http/Middleware/InvokeDeferredCallbacks->handle()
#50 C:/Akmal/Digitefa/digitefa-jobportal-2026/lms-server-side/vendor/laravel/framework/src/Illuminate/Pipeline/Pipeline.php(127): Illuminate/Pipeline/Pipeline->{closure:{closure:Illuminate/Pipeline/Pipeline::carry():184}:185}()
#51 C:/Akmal/Digitefa/digitefa-jobportal-2026/lms-server-side/vendor/laravel/framework/src/Illuminate/Foundation/Http/Kernel.php(176): Illuminate/Pipeline/Pipeline->then()
#52 C:/Akmal/Digitefa/digitefa-jobportal-2026/lms-server-side/vendor/laravel/framework/src/Illuminate/Foundation/Http/Kernel.php(145): Illuminate/Foundation/Http/Kernel->sendRequestThroughRouter()
#53 C:/Akmal/Digitefa/digitefa-jobportal-2026/lms-server-side/vendor/laravel/framework/src/Illuminate/Foundation/Application.php(1220): Illuminate/Foundation/Http/Kernel->handle()
#54 C:/Akmal/Digitefa/digitefa-jobportal-2026/lms-server-side/public/index.php(17): Illuminate/Foundation/Application->handleRequest()
#55 C:/Akmal/Digitefa/digitefa-jobportal-2026/lms-server-side/vendor/laravel/framework/src/Illuminate/Foundation/resources/server.php(23): require_once('...')
#56 {main}
"} 
[2026-06-09 04:17:49] production.ERROR: Database file at path [C:\Akmal\Digitefa\digitefa-jobportal-2026\lms-server-side\database\database.sqlite] does not exist. Ensure this is an absolute path to the database. (Connection: sqlite, SQL: select * from "courses") {"exception":"[object] (Illuminate\\Database\\QueryException(code: 0): Database file at path [C:\\Akmal\\Digitefa\\digitefa-jobportal-2026\\lms-server-side\\database\\database.sqlite] does not exist. Ensure this is an absolute path to the database. (Connection: sqlite, SQL: select * from \"courses\") at C:/Akmal/Digitefa/digitefa-jobportal-2026/lms-server-side/vendor/laravel/framework/src/Illuminate/Database/Connection.php:825)
[stacktrace]
#0 C:/Akmal/Digitefa/digitefa-jobportal-2026/lms-server-side/vendor/laravel/framework/src/Illuminate/Database/Connection.php(779): Illuminate/Database/Connection->runQueryCallback()
#1 C:/Akmal/Digitefa/digitefa-jobportal-2026/lms-server-side/vendor/laravel/framework/src/Illuminate/Database/Connection.php(398): Illuminate/Database/Connection->run()
#2 C:/Akmal/Digitefa/digitefa-jobportal-2026/lms-server-side/vendor/laravel/framework/src/Illuminate/Database/Query/Builder.php(3106): Illuminate/Database/Connection->select()
#3 C:/Akmal/Digitefa/digitefa-jobportal-2026/lms-server-side/vendor/laravel/framework/src/Illuminate/Database/Query/Builder.php(3091): Illuminate/Database/Query/Builder->runSelect()
#4 C:/Akmal/Digitefa/digitefa-jobportal-2026/lms-server-side/vendor/laravel/framework/src/Illuminate/Database/Query/Builder.php(3676): Illuminate/Database/Query/Builder->{closure:Illuminate/Database/Query/Builder::get():3090}()
#5 C:/Akmal/Digitefa/digitefa-jobportal-2026/lms-server-side/vendor/laravel/framework/src/Illuminate/Database/Query/Builder.php(3090): Illuminate/Database/Query/Builder->onceWithColumns()
#6 C:/Akmal/Digitefa/digitefa-jobportal-2026/lms-server-side/vendor/laravel/framework/src/Illuminate/Database/Eloquent/Builder.php(811): Illuminate/Database/Query/Builder->get()
#7 C:/Akmal/Digitefa/digitefa-jobportal-2026/lms-server-side/vendor/laravel/framework/src/Illuminate/Database/Eloquent/Builder.php(793): Illuminate/Database/Eloquent/Builder->getModels()
#8 C:/Akmal/Digitefa/digitefa-jobportal-2026/lms-server-side/vendor/laravel/framework/src/Illuminate/Support/Traits/ForwardsCalls.php(23): Illuminate/Database/Eloquent/Builder->get()
#9 C:/Akmal/Digitefa/digitefa-jobportal-2026/lms-server-side/vendor/laravel/framework/src/Illuminate/Database/Eloquent/Model.php(2372): Illuminate/Database/Eloquent/Model->forwardCallTo()
#10 C:/Akmal/Digitefa/digitefa-jobportal-2026/lms-server-side/app/Http/Controllers/CourseController.php(225): Illuminate/Database/Eloquent/Model->__call()
#11 C:/Akmal/Digitefa/digitefa-jobportal-2026/lms-server-side/vendor/laravel/framework/src/Illuminate/Routing/ControllerDispatcher.php(47): App/Http/Controllers/CourseController->allCourse()
#12 C:/Akmal/Digitefa/digitefa-jobportal-2026/lms-server-side/vendor/laravel/framework/src/Illuminate/Routing/Route.php(266): Illuminate/Routing/ControllerDispatcher->dispatch()
#13 C:/Akmal/Digitefa/digitefa-jobportal-2026/lms-server-side/vendor/laravel/framework/src/Illuminate/Routing/Route.php(212): Illuminate/Routing/Route->runController()
#14 C:/Akmal/Digitefa/digitefa-jobportal-2026/lms-server-side/vendor/laravel/framework/src/Illuminate/Routing/Router.php(808): Illuminate/Routing/Route->run()
#15 C:/Akmal/Digitefa/digitefa-jobportal-2026/lms-server-side/vendor/laravel/framework/src/Illuminate/Pipeline/Pipeline.php(170): Illuminate/Routing/Router->{closure:Illuminate/Routing/Router::runRouteWithinStack():807}()
#16 C:/Akmal/Digitefa/digitefa-jobportal-2026/lms-server-side/vendor/laravel/framework/src/Illuminate/Routing/Middleware/SubstituteBindings.php(51): Illuminate/Pipeline/Pipeline->{closure:Illuminate/Pipeline/Pipeline::prepareDestination():168}()
#17 C:/Akmal/Digitefa/digitefa-jobportal-2026/lms-server-side/vendor/laravel/framework/src/Illuminate/Pipeline/Pipeline.php(209): Illuminate/Routing/Middleware/SubstituteBindings->handle()
#18 C:/Akmal/Digitefa/digitefa-jobportal-2026/lms-server-side/app/Http/Middleware/ApiForceJsonResponse.php(18): Illuminate/Pipeline/Pipeline->{closure:{closure:Illuminate/Pipeline/Pipeline::carry():184}:185}()
#19 C:/Akmal/Digitefa/digitefa-jobportal-2026/lms-server-side/vendor/laravel/framework/src/Illuminate/Pipeline/Pipeline.php(209): App/Http/Middleware/ApiForceJsonResponse->handle()
#20 C:/Akmal/Digitefa/digitefa-jobportal-2026/lms-server-side/vendor/laravel/framework/src/Illuminate/Pipeline/Pipeline.php(127): Illuminate/Pipeline/Pipeline->{closure:{closure:Illuminate/Pipeline/Pipeline::carry():184}:185}()
#21 C:/Akmal/Digitefa/digitefa-jobportal-2026/lms-server-side/vendor/laravel/framework/src/Illuminate/Routing/Router.php(807): Illuminate/Pipeline/Pipeline->then()
#22 C:/Akmal/Digitefa/digitefa-jobportal-2026/lms-server-side/vendor/laravel/framework/src/Illuminate/Routing/Router.php(786): Illuminate/Routing/Router->runRouteWithinStack()
#23 C:/Akmal/Digitefa/digitefa-jobportal-2026/lms-server-side/vendor/laravel/framework/src/Illuminate/Routing/Router.php(750): Illuminate/Routing/Router->runRoute()
#24 C:/Akmal/Digitefa/digitefa-jobportal-2026/lms-server-side/vendor/laravel/framework/src/Illuminate/Routing/Router.php(739): Illuminate/Routing/Router->dispatchToRoute()
#25 C:/Akmal/Digitefa/digitefa-jobportal-2026/lms-server-side/vendor/laravel/framework/src/Illuminate/Foundation/Http/Kernel.php(201): Illuminate/Routing/Router->dispatch()
#26 C:/Akmal/Digitefa/digitefa-jobportal-2026/lms-server-side/vendor/laravel/framework/src/Illuminate/Pipeline/Pipeline.php(170): Illuminate/Foundation/Http/Kernel->{closure:Illuminate/Foundation/Http/Kernel::dispatchToRouter():198}()
#27 C:/Akmal/Digitefa/digitefa-jobportal-2026/lms-server-side/vendor/laravel/framework/src/Illuminate/Foundation/Http/Middleware/TransformsRequest.php(21): Illuminate/Pipeline/Pipeline->{closure:Illuminate/Pipeline/Pipeline::prepareDestination():168}()
#28 C:/Akmal/Digitefa/digitefa-jobportal-2026/lms-server-side/vendor/laravel/framework/src/Illuminate/Foundation/Http/Middleware/ConvertEmptyStringsToNull.php(31): Illuminate/Foundation/Http/Middleware/TransformsRequest->handle()
#29 C:/Akmal/Digitefa/digitefa-jobportal-2026/lms-server-side/vendor/laravel/framework/src/Illuminate/Pipeline/Pipeline.php(209): Illuminate/Foundation/Http/Middleware/ConvertEmptyStringsToNull->handle()
#30 C:/Akmal/Digitefa/digitefa-jobportal-2026/lms-server-side/vendor/laravel/framework/src/Illuminate/Foundation/Http/Middleware/TransformsRequest.php(21): Illuminate/Pipeline/Pipeline->{closure:{closure:Illuminate/Pipeline/Pipeline::carry():184}:185}()
#31 C:/Akmal/Digitefa/digitefa-jobportal-2026/lms-server-side/vendor/laravel/framework/src/Illuminate/Foundation/Http/Middleware/TrimStrings.php(51): Illuminate/Foundation/Http/Middleware/TransformsRequest->handle()
#32 C:/Akmal/Digitefa/digitefa-jobportal-2026/lms-server-side/vendor/laravel/framework/src/Illuminate/Pipeline/Pipeline.php(209): Illuminate/Foundation/Http/Middleware/TrimStrings->handle()
#33 C:/Akmal/Digitefa/digitefa-jobportal-2026/lms-server-side/vendor/laravel/framework/src/Illuminate/Http/Middleware/ValidatePostSize.php(27): Illuminate/Pipeline/Pipeline->{closure:{closure:Illuminate/Pipeline/Pipeline::carry():184}:185}()
#34 C:/Akmal/Digitefa/digitefa-jobportal-2026/lms-server-side/vendor/laravel/framework/src/Illuminate/Pipeline/Pipeline.php(209): Illuminate/Http/Middleware/ValidatePostSize->handle()
#35 C:/Akmal/Digitefa/digitefa-jobportal-2026/lms-server-side/vendor/laravel/framework/src/Illuminate/Foundation/Http/Middleware/PreventRequestsDuringMaintenance.php(110): Illuminate/Pipeline/Pipeline->{closure:{closure:Illuminate/Pipeline/Pipeline::carry():184}:185}()
#36 C:/Akmal/Digitefa/digitefa-jobportal-2026/lms-server-side/vendor/laravel/framework/src/Illuminate/Pipeline/Pipeline.php(209): Illuminate/Foundation/Http/Middleware/PreventRequestsDuringMaintenance->handle()
#37 C:/Akmal/Digitefa/digitefa-jobportal-2026/lms-server-side/vendor/laravel/framework/src/Illuminate/Http/Middleware/HandleCors.php(62): Illuminate/Pipeline/Pipeline->{closure:{closure:Illuminate/Pipeline/Pipeline::carry():184}:185}()
#38 C:/Akmal/Digitefa/digitefa-jobportal-2026/lms-server-side/vendor/laravel/framework/src/Illuminate/Pipeline/Pipeline.php(209): Illuminate/Http/Middleware/HandleCors->handle()
#39 C:/Akmal/Digitefa/digitefa-jobportal-2026/lms-server-side/vendor/laravel/framework/src/Illuminate/Http/Middleware/TrustProxies.php(58): Illuminate/Pipeline/Pipeline->{closure:{closure:Illuminate/Pipeline/Pipeline::carry():184}:185}()
#40 C:/Akmal/Digitefa/digitefa-jobportal-2026/lms-server-side/vendor/laravel/framework/src/Illuminate/Pipeline/Pipeline.php(209): Illuminate/Http/Middleware/TrustProxies->handle()
#41 C:/Akmal/Digitefa/digitefa-jobportal-2026/lms-server-side/vendor/laravel/framework/src/Illuminate/Foundation/Http/Middleware/InvokeDeferredCallbacks.php(22): Illuminate/Pipeline/Pipeline->{closure:{closure:Illuminate/Pipeline/Pipeline::carry():184}:185}()
#42 C:/Akmal/Digitefa/digitefa-jobportal-2026/lms-server-side/vendor/laravel/framework/src/Illuminate/Pipeline/Pipeline.php(209): Illuminate/Foundation/Http/Middleware/InvokeDeferredCallbacks->handle()
#43 C:/Akmal/Digitefa/digitefa-jobportal-2026/lms-server-side/vendor/laravel/framework/src/Illuminate/Pipeline/Pipeline.php(127): Illuminate/Pipeline/Pipeline->{closure:{closure:Illuminate/Pipeline/Pipeline::carry():184}:185}()
#44 C:/Akmal/Digitefa/digitefa-jobportal-2026/lms-server-side/vendor/laravel/framework/src/Illuminate/Foundation/Http/Kernel.php(176): Illuminate/Pipeline/Pipeline->then()
#45 C:/Akmal/Digitefa/digitefa-jobportal-2026/lms-server-side/vendor/laravel/framework/src/Illuminate/Foundation/Http/Kernel.php(145): Illuminate/Foundation/Http/Kernel->sendRequestThroughRouter()
#46 C:/Akmal/Digitefa/digitefa-jobportal-2026/lms-server-side/vendor/laravel/framework/src/Illuminate/Foundation/Application.php(1220): Illuminate/Foundation/Http/Kernel->handle()
#47 C:/Akmal/Digitefa/digitefa-jobportal-2026/lms-server-side/public/index.php(17): Illuminate/Foundation/Application->handleRequest()
#48 C:/Akmal/Digitefa/digitefa-jobportal-2026/lms-server-side/vendor/laravel/framework/src/Illuminate/Foundation/resources/server.php(23): require_once('...')
#49 {main}

[previous exception] [object] (Illuminate\\Database\\SQLiteDatabaseDoesNotExistException(code: 0): Database file at path [C:\\Akmal\\Digitefa\\digitefa-jobportal-2026\\lms-server-side\\database\\database.sqlite] does not exist. Ensure this is an absolute path to the database. at C:/Akmal/Digitefa/digitefa-jobportal-2026/lms-server-side/vendor/laravel/framework/src/Illuminate/Database/Connectors/SQLiteConnector.php:37)
[stacktrace]
#0 C:/Akmal/Digitefa/digitefa-jobportal-2026/lms-server-side/vendor/laravel/framework/src/Illuminate/Database/Connectors/ConnectionFactory.php(224): Illuminate/Database/Connectors/SQLiteConnector->connect()
#1 [internal function]: Illuminate/Database/Connectors/ConnectionFactory->{closure:Illuminate/Database/Connectors/ConnectionFactory::createPdoResolverWithoutHosts():224}()
#2 C:/Akmal/Digitefa/digitefa-jobportal-2026/lms-server-side/vendor/laravel/framework/src/Illuminate/Database/Connection.php(1231): call_user_func()
#3 C:/Akmal/Digitefa/digitefa-jobportal-2026/lms-server-side/vendor/laravel/framework/src/Illuminate/Database/Connection.php(1267): Illuminate/Database/Connection->getPdo()
#4 C:/Akmal/Digitefa/digitefa-jobportal-2026/lms-server-side/vendor/laravel/framework/src/Illuminate/Database/Connection.php(512): Illuminate/Database/Connection->getReadPdo()
#5 C:/Akmal/Digitefa/digitefa-jobportal-2026/lms-server-side/vendor/laravel/framework/src/Illuminate/Database/Connection.php(407): Illuminate/Database/Connection->getPdoForSelect()
#6 C:/Akmal/Digitefa/digitefa-jobportal-2026/lms-server-side/vendor/laravel/framework/src/Illuminate/Database/Connection.php(812): Illuminate/Database/Connection->{closure:Illuminate/Database/Connection::select():398}()
#7 C:/Akmal/Digitefa/digitefa-jobportal-2026/lms-server-side/vendor/laravel/framework/src/Illuminate/Database/Connection.php(779): Illuminate/Database/Connection->runQueryCallback()
#8 C:/Akmal/Digitefa/digitefa-jobportal-2026/lms-server-side/vendor/laravel/framework/src/Illuminate/Database/Connection.php(398): Illuminate/Database/Connection->run()
#9 C:/Akmal/Digitefa/digitefa-jobportal-2026/lms-server-side/vendor/laravel/framework/src/Illuminate/Database/Query/Builder.php(3106): Illuminate/Database/Connection->select()
#10 C:/Akmal/Digitefa/digitefa-jobportal-2026/lms-server-side/vendor/laravel/framework/src/Illuminate/Database/Query/Builder.php(3091): Illuminate/Database/Query/Builder->runSelect()
#11 C:/Akmal/Digitefa/digitefa-jobportal-2026/lms-server-side/vendor/laravel/framework/src/Illuminate/Database/Query/Builder.php(3676): Illuminate/Database/Query/Builder->{closure:Illuminate/Database/Query/Builder::get():3090}()
#12 C:/Akmal/Digitefa/digitefa-jobportal-2026/lms-server-side/vendor/laravel/framework/src/Illuminate/Database/Query/Builder.php(3090): Illuminate/Database/Query/Builder->onceWithColumns()
#13 C:/Akmal/Digitefa/digitefa-jobportal-2026/lms-server-side/vendor/laravel/framework/src/Illuminate/Database/Eloquent/Builder.php(811): Illuminate/Database/Query/Builder->get()
#14 C:/Akmal/Digitefa/digitefa-jobportal-2026/lms-server-side/vendor/laravel/framework/src/Illuminate/Database/Eloquent/Builder.php(793): Illuminate/Database/Eloquent/Builder->getModels()
#15 C:/Akmal/Digitefa/digitefa-jobportal-2026/lms-server-side/vendor/laravel/framework/src/Illuminate/Support/Traits/ForwardsCalls.php(23): Illuminate/Database/Eloquent/Builder->get()
#16 C:/Akmal/Digitefa/digitefa-jobportal-2026/lms-server-side/vendor/laravel/framework/src/Illuminate/Database/Eloquent/Model.php(2372): Illuminate/Database/Eloquent/Model->forwardCallTo()
#17 C:/Akmal/Digitefa/digitefa-jobportal-2026/lms-server-side/app/Http/Controllers/CourseController.php(225): Illuminate/Database/Eloquent/Model->__call()
#18 C:/Akmal/Digitefa/digitefa-jobportal-2026/lms-server-side/vendor/laravel/framework/src/Illuminate/Routing/ControllerDispatcher.php(47): App/Http/Controllers/CourseController->allCourse()
#19 C:/Akmal/Digitefa/digitefa-jobportal-2026/lms-server-side/vendor/laravel/framework/src/Illuminate/Routing/Route.php(266): Illuminate/Routing/ControllerDispatcher->dispatch()
#20 C:/Akmal/Digitefa/digitefa-jobportal-2026/lms-server-side/vendor/laravel/framework/src/Illuminate/Routing/Route.php(212): Illuminate/Routing/Route->runController()
#21 C:/Akmal/Digitefa/digitefa-jobportal-2026/lms-server-side/vendor/laravel/framework/src/Illuminate/Routing/Router.php(808): Illuminate/Routing/Route->run()
#22 C:/Akmal/Digitefa/digitefa-jobportal-2026/lms-server-side/vendor/laravel/framework/src/Illuminate/Pipeline/Pipeline.php(170): Illuminate/Routing/Router->{closure:Illuminate/Routing/Router::runRouteWithinStack():807}()
#23 C:/Akmal/Digitefa/digitefa-jobportal-2026/lms-server-side/vendor/laravel/framework/src/Illuminate/Routing/Middleware/SubstituteBindings.php(51): Illuminate/Pipeline/Pipeline->{closure:Illuminate/Pipeline/Pipeline::prepareDestination():168}()
#24 C:/Akmal/Digitefa/digitefa-jobportal-2026/lms-server-side/vendor/laravel/framework/src/Illuminate/Pipeline/Pipeline.php(209): Illuminate/Routing/Middleware/SubstituteBindings->handle()
#25 C:/Akmal/Digitefa/digitefa-jobportal-2026/lms-server-side/app/Http/Middleware/ApiForceJsonResponse.php(18): Illuminate/Pipeline/Pipeline->{closure:{closure:Illuminate/Pipeline/Pipeline::carry():184}:185}()
#26 C:/Akmal/Digitefa/digitefa-jobportal-2026/lms-server-side/vendor/laravel/framework/src/Illuminate/Pipeline/Pipeline.php(209): App/Http/Middleware/ApiForceJsonResponse->handle()
#27 C:/Akmal/Digitefa/digitefa-jobportal-2026/lms-server-side/vendor/laravel/framework/src/Illuminate/Pipeline/Pipeline.php(127): Illuminate/Pipeline/Pipeline->{closure:{closure:Illuminate/Pipeline/Pipeline::carry():184}:185}()
#28 C:/Akmal/Digitefa/digitefa-jobportal-2026/lms-server-side/vendor/laravel/framework/src/Illuminate/Routing/Router.php(807): Illuminate/Pipeline/Pipeline->then()
#29 C:/Akmal/Digitefa/digitefa-jobportal-2026/lms-server-side/vendor/laravel/framework/src/Illuminate/Routing/Router.php(786): Illuminate/Routing/Router->runRouteWithinStack()
#30 C:/Akmal/Digitefa/digitefa-jobportal-2026/lms-server-side/vendor/laravel/framework/src/Illuminate/Routing/Router.php(750): Illuminate/Routing/Router->runRoute()
#31 C:/Akmal/Digitefa/digitefa-jobportal-2026/lms-server-side/vendor/laravel/framework/src/Illuminate/Routing/Router.php(739): Illuminate/Routing/Router->dispatchToRoute()
#32 C:/Akmal/Digitefa/digitefa-jobportal-2026/lms-server-side/vendor/laravel/framework/src/Illuminate/Foundation/Http/Kernel.php(201): Illuminate/Routing/Router->dispatch()
#33 C:/Akmal/Digitefa/digitefa-jobportal-2026/lms-server-side/vendor/laravel/framework/src/Illuminate/Pipeline/Pipeline.php(170): Illuminate/Foundation/Http/Kernel->{closure:Illuminate/Foundation/Http/Kernel::dispatchToRouter():198}()
#34 C:/Akmal/Digitefa/digitefa-jobportal-2026/lms-server-side/vendor/laravel/framework/src/Illuminate/Foundation/Http/Middleware/TransformsRequest.php(21): Illuminate/Pipeline/Pipeline->{closure:Illuminate/Pipeline/Pipeline::prepareDestination():168}()
#35 C:/Akmal/Digitefa/digitefa-jobportal-2026/lms-server-side/vendor/laravel/framework/src/Illuminate/Foundation/Http/Middleware/ConvertEmptyStringsToNull.php(31): Illuminate/Foundation/Http/Middleware/TransformsRequest->handle()
#36 C:/Akmal/Digitefa/digitefa-jobportal-2026/lms-server-side/vendor/laravel/framework/src/Illuminate/Pipeline/Pipeline.php(209): Illuminate/Foundation/Http/Middleware/ConvertEmptyStringsToNull->handle()
#37 C:/Akmal/Digitefa/digitefa-jobportal-2026/lms-server-side/vendor/laravel/framework/src/Illuminate/Foundation/Http/Middleware/TransformsRequest.php(21): Illuminate/Pipeline/Pipeline->{closure:{closure:Illuminate/Pipeline/Pipeline::carry():184}:185}()
#38 C:/Akmal/Digitefa/digitefa-jobportal-2026/lms-server-side/vendor/laravel/framework/src/Illuminate/Foundation/Http/Middleware/TrimStrings.php(51): Illuminate/Foundation/Http/Middleware/TransformsRequest->handle()
#39 C:/Akmal/Digitefa/digitefa-jobportal-2026/lms-server-side/vendor/laravel/framework/src/Illuminate/Pipeline/Pipeline.php(209): Illuminate/Foundation/Http/Middleware/TrimStrings->handle()
#40 C:/Akmal/Digitefa/digitefa-jobportal-2026/lms-server-side/vendor/laravel/framework/src/Illuminate/Http/Middleware/ValidatePostSize.php(27): Illuminate/Pipeline/Pipeline->{closure:{closure:Illuminate/Pipeline/Pipeline::carry():184}:185}()
#41 C:/Akmal/Digitefa/digitefa-jobportal-2026/lms-server-side/vendor/laravel/framework/src/Illuminate/Pipeline/Pipeline.php(209): Illuminate/Http/Middleware/ValidatePostSize->handle()
#42 C:/Akmal/Digitefa/digitefa-jobportal-2026/lms-server-side/vendor/laravel/framework/src/Illuminate/Foundation/Http/Middleware/PreventRequestsDuringMaintenance.php(110): Illuminate/Pipeline/Pipeline->{closure:{closure:Illuminate/Pipeline/Pipeline::carry():184}:185}()
#43 C:/Akmal/Digitefa/digitefa-jobportal-2026/lms-server-side/vendor/laravel/framework/src/Illuminate/Pipeline/Pipeline.php(209): Illuminate/Foundation/Http/Middleware/PreventRequestsDuringMaintenance->handle()
#44 C:/Akmal/Digitefa/digitefa-jobportal-2026/lms-server-side/vendor/laravel/framework/src/Illuminate/Http/Middleware/HandleCors.php(62): Illuminate/Pipeline/Pipeline->{closure:{closure:Illuminate/Pipeline/Pipeline::carry():184}:185}()
#45 C:/Akmal/Digitefa/digitefa-jobportal-2026/lms-server-side/vendor/laravel/framework/src/Illuminate/Pipeline/Pipeline.php(209): Illuminate/Http/Middleware/HandleCors->handle()
#46 C:/Akmal/Digitefa/digitefa-jobportal-2026/lms-server-side/vendor/laravel/framework/src/Illuminate/Http/Middleware/TrustProxies.php(58): Illuminate/Pipeline/Pipeline->{closure:{closure:Illuminate/Pipeline/Pipeline::carry():184}:185}()
#47 C:/Akmal/Digitefa/digitefa-jobportal-2026/lms-server-side/vendor/laravel/framework/src/Illuminate/Pipeline/Pipeline.php(209): Illuminate/Http/Middleware/TrustProxies->handle()
#48 C:/Akmal/Digitefa/digitefa-jobportal-2026/lms-server-side/vendor/laravel/framework/src/Illuminate/Foundation/Http/Middleware/InvokeDeferredCallbacks.php(22): Illuminate/Pipeline/Pipeline->{closure:{closure:Illuminate/Pipeline/Pipeline::carry():184}:185}()
#49 C:/Akmal/Digitefa/digitefa-jobportal-2026/lms-server-side/vendor/laravel/framework/src/Illuminate/Pipeline/Pipeline.php(209): Illuminate/Foundation/Http/Middleware/InvokeDeferredCallbacks->handle()
#50 C:/Akmal/Digitefa/digitefa-jobportal-2026/lms-server-side/vendor/laravel/framework/src/Illuminate/Pipeline/Pipeline.php(127): Illuminate/Pipeline/Pipeline->{closure:{closure:Illuminate/Pipeline/Pipeline::carry():184}:185}()
#51 C:/Akmal/Digitefa/digitefa-jobportal-2026/lms-server-side/vendor/laravel/framework/src/Illuminate/Foundation/Http/Kernel.php(176): Illuminate/Pipeline/Pipeline->then()
#52 C:/Akmal/Digitefa/digitefa-jobportal-2026/lms-server-side/vendor/laravel/framework/src/Illuminate/Foundation/Http/Kernel.php(145): Illuminate/Foundation/Http/Kernel->sendRequestThroughRouter()
#53 C:/Akmal/Digitefa/digitefa-jobportal-2026/lms-server-side/vendor/laravel/framework/src/Illuminate/Foundation/Application.php(1220): Illuminate/Foundation/Http/Kernel->handle()
#54 C:/Akmal/Digitefa/digitefa-jobportal-2026/lms-server-side/public/index.php(17): Illuminate/Foundation/Application->handleRequest()
#55 C:/Akmal/Digitefa/digitefa-jobportal-2026/lms-server-side/vendor/laravel/framework/src/Illuminate/Foundation/resources/server.php(23): require_once('...')
#56 {main}
"} 
[2026-06-10 06:17:43] production.ERROR: Database file at path [C:\Akmal\Digitefa\digitefa-jobportal-2026\lms-server-side\database\database.sqlite] does not exist. Ensure this is an absolute path to the database. (Connection: sqlite, SQL: select * from "courses") {"exception":"[object] (Illuminate\\Database\\QueryException(code: 0): Database file at path [C:\\Akmal\\Digitefa\\digitefa-jobportal-2026\\lms-server-side\\database\\database.sqlite] does not exist. Ensure this is an absolute path to the database. (Connection: sqlite, SQL: select * from \"courses\") at C:/Akmal/Digitefa/digitefa-jobportal-2026/lms-server-side/vendor/laravel/framework/src/Illuminate/Database/Connection.php:825)
[stacktrace]
#0 C:/Akmal/Digitefa/digitefa-jobportal-2026/lms-server-side/vendor/laravel/framework/src/Illuminate/Database/Connection.php(779): Illuminate/Database/Connection->runQueryCallback()
#1 C:/Akmal/Digitefa/digitefa-jobportal-2026/lms-server-side/vendor/laravel/framework/src/Illuminate/Database/Connection.php(398): Illuminate/Database/Connection->run()
#2 C:/Akmal/Digitefa/digitefa-jobportal-2026/lms-server-side/vendor/laravel/framework/src/Illuminate/Database/Query/Builder.php(3106): Illuminate/Database/Connection->select()
#3 C:/Akmal/Digitefa/digitefa-jobportal-2026/lms-server-side/vendor/laravel/framework/src/Illuminate/Database/Query/Builder.php(3091): Illuminate/Database/Query/Builder->runSelect()
#4 C:/Akmal/Digitefa/digitefa-jobportal-2026/lms-server-side/vendor/laravel/framework/src/Illuminate/Database/Query/Builder.php(3676): Illuminate/Database/Query/Builder->{closure:Illuminate/Database/Query/Builder::get():3090}()
#5 C:/Akmal/Digitefa/digitefa-jobportal-2026/lms-server-side/vendor/laravel/framework/src/Illuminate/Database/Query/Builder.php(3090): Illuminate/Database/Query/Builder->onceWithColumns()
#6 C:/Akmal/Digitefa/digitefa-jobportal-2026/lms-server-side/vendor/laravel/framework/src/Illuminate/Database/Eloquent/Builder.php(811): Illuminate/Database/Query/Builder->get()
#7 C:/Akmal/Digitefa/digitefa-jobportal-2026/lms-server-side/vendor/laravel/framework/src/Illuminate/Database/Eloquent/Builder.php(793): Illuminate/Database/Eloquent/Builder->getModels()
#8 C:/Akmal/Digitefa/digitefa-jobportal-2026/lms-server-side/vendor/laravel/framework/src/Illuminate/Support/Traits/ForwardsCalls.php(23): Illuminate/Database/Eloquent/Builder->get()
#9 C:/Akmal/Digitefa/digitefa-jobportal-2026/lms-server-side/vendor/laravel/framework/src/Illuminate/Database/Eloquent/Model.php(2372): Illuminate/Database/Eloquent/Model->forwardCallTo()
#10 C:/Akmal/Digitefa/digitefa-jobportal-2026/lms-server-side/app/Http/Controllers/CourseController.php(225): Illuminate/Database/Eloquent/Model->__call()
#11 C:/Akmal/Digitefa/digitefa-jobportal-2026/lms-server-side/vendor/laravel/framework/src/Illuminate/Routing/ControllerDispatcher.php(47): App/Http/Controllers/CourseController->allCourse()
#12 C:/Akmal/Digitefa/digitefa-jobportal-2026/lms-server-side/vendor/laravel/framework/src/Illuminate/Routing/Route.php(266): Illuminate/Routing/ControllerDispatcher->dispatch()
#13 C:/Akmal/Digitefa/digitefa-jobportal-2026/lms-server-side/vendor/laravel/framework/src/Illuminate/Routing/Route.php(212): Illuminate/Routing/Route->runController()
#14 C:/Akmal/Digitefa/digitefa-jobportal-2026/lms-server-side/vendor/laravel/framework/src/Illuminate/Routing/Router.php(808): Illuminate/Routing/Route->run()
#15 C:/Akmal/Digitefa/digitefa-jobportal-2026/lms-server-side/vendor/laravel/framework/src/Illuminate/Pipeline/Pipeline.php(170): Illuminate/Routing/Router->{closure:Illuminate/Routing/Router::runRouteWithinStack():807}()
#16 C:/Akmal/Digitefa/digitefa-jobportal-2026/lms-server-side/vendor/laravel/framework/src/Illuminate/Routing/Middleware/SubstituteBindings.php(51): Illuminate/Pipeline/Pipeline->{closure:Illuminate/Pipeline/Pipeline::prepareDestination():168}()
#17 C:/Akmal/Digitefa/digitefa-jobportal-2026/lms-server-side/vendor/laravel/framework/src/Illuminate/Pipeline/Pipeline.php(209): Illuminate/Routing/Middleware/SubstituteBindings->handle()
#18 C:/Akmal/Digitefa/digitefa-jobportal-2026/lms-server-side/app/Http/Middleware/ApiForceJsonResponse.php(18): Illuminate/Pipeline/Pipeline->{closure:{closure:Illuminate/Pipeline/Pipeline::carry():184}:185}()
#19 C:/Akmal/Digitefa/digitefa-jobportal-2026/lms-server-side/vendor/laravel/framework/src/Illuminate/Pipeline/Pipeline.php(209): App/Http/Middleware/ApiForceJsonResponse->handle()
#20 C:/Akmal/Digitefa/digitefa-jobportal-2026/lms-server-side/vendor/laravel/framework/src/Illuminate/Pipeline/Pipeline.php(127): Illuminate/Pipeline/Pipeline->{closure:{closure:Illuminate/Pipeline/Pipeline::carry():184}:185}()
#21 C:/Akmal/Digitefa/digitefa-jobportal-2026/lms-server-side/vendor/laravel/framework/src/Illuminate/Routing/Router.php(807): Illuminate/Pipeline/Pipeline->then()
#22 C:/Akmal/Digitefa/digitefa-jobportal-2026/lms-server-side/vendor/laravel/framework/src/Illuminate/Routing/Router.php(786): Illuminate/Routing/Router->runRouteWithinStack()
#23 C:/Akmal/Digitefa/digitefa-jobportal-2026/lms-server-side/vendor/laravel/framework/src/Illuminate/Routing/Router.php(750): Illuminate/Routing/Router->runRoute()
#24 C:/Akmal/Digitefa/digitefa-jobportal-2026/lms-server-side/vendor/laravel/framework/src/Illuminate/Routing/Router.php(739): Illuminate/Routing/Router->dispatchToRoute()
#25 C:/Akmal/Digitefa/digitefa-jobportal-2026/lms-server-side/vendor/laravel/framework/src/Illuminate/Foundation/Http/Kernel.php(201): Illuminate/Routing/Router->dispatch()
#26 C:/Akmal/Digitefa/digitefa-jobportal-2026/lms-server-side/vendor/laravel/framework/src/Illuminate/Pipeline/Pipeline.php(170): Illuminate/Foundation/Http/Kernel->{closure:Illuminate/Foundation/Http/Kernel::dispatchToRouter():198}()
#27 C:/Akmal/Digitefa/digitefa-jobportal-2026/lms-server-side/vendor/laravel/framework/src/Illuminate/Foundation/Http/Middleware/TransformsRequest.php(21): Illuminate/Pipeline/Pipeline->{closure:Illuminate/Pipeline/Pipeline::prepareDestination():168}()
#28 C:/Akmal/Digitefa/digitefa-jobportal-2026/lms-server-side/vendor/laravel/framework/src/Illuminate/Foundation/Http/Middleware/ConvertEmptyStringsToNull.php(31): Illuminate/Foundation/Http/Middleware/TransformsRequest->handle()
#29 C:/Akmal/Digitefa/digitefa-jobportal-2026/lms-server-side/vendor/laravel/framework/src/Illuminate/Pipeline/Pipeline.php(209): Illuminate/Foundation/Http/Middleware/ConvertEmptyStringsToNull->handle()
#30 C:/Akmal/Digitefa/digitefa-jobportal-2026/lms-server-side/vendor/laravel/framework/src/Illuminate/Foundation/Http/Middleware/TransformsRequest.php(21): Illuminate/Pipeline/Pipeline->{closure:{closure:Illuminate/Pipeline/Pipeline::carry():184}:185}()
#31 C:/Akmal/Digitefa/digitefa-jobportal-2026/lms-server-side/vendor/laravel/framework/src/Illuminate/Foundation/Http/Middleware/TrimStrings.php(51): Illuminate/Foundation/Http/Middleware/TransformsRequest->handle()
#32 C:/Akmal/Digitefa/digitefa-jobportal-2026/lms-server-side/vendor/laravel/framework/src/Illuminate/Pipeline/Pipeline.php(209): Illuminate/Foundation/Http/Middleware/TrimStrings->handle()
#33 C:/Akmal/Digitefa/digitefa-jobportal-2026/lms-server-side/vendor/laravel/framework/src/Illuminate/Http/Middleware/ValidatePostSize.php(27): Illuminate/Pipeline/Pipeline->{closure:{closure:Illuminate/Pipeline/Pipeline::carry():184}:185}()
#34 C:/Akmal/Digitefa/digitefa-jobportal-2026/lms-server-side/vendor/laravel/framework/src/Illuminate/Pipeline/Pipeline.php(209): Illuminate/Http/Middleware/ValidatePostSize->handle()
#35 C:/Akmal/Digitefa/digitefa-jobportal-2026/lms-server-side/vendor/laravel/framework/src/Illuminate/Foundation/Http/Middleware/PreventRequestsDuringMaintenance.php(110): Illuminate/Pipeline/Pipeline->{closure:{closure:Illuminate/Pipeline/Pipeline::carry():184}:185}()
#36 C:/Akmal/Digitefa/digitefa-jobportal-2026/lms-server-side/vendor/laravel/framework/src/Illuminate/Pipeline/Pipeline.php(209): Illuminate/Foundation/Http/Middleware/PreventRequestsDuringMaintenance->handle()
#37 C:/Akmal/Digitefa/digitefa-jobportal-2026/lms-server-side/vendor/laravel/framework/src/Illuminate/Http/Middleware/HandleCors.php(62): Illuminate/Pipeline/Pipeline->{closure:{closure:Illuminate/Pipeline/Pipeline::carry():184}:185}()
#38 C:/Akmal/Digitefa/digitefa-jobportal-2026/lms-server-side/vendor/laravel/framework/src/Illuminate/Pipeline/Pipeline.php(209): Illuminate/Http/Middleware/HandleCors->handle()
#39 C:/Akmal/Digitefa/digitefa-jobportal-2026/lms-server-side/vendor/laravel/framework/src/Illuminate/Http/Middleware/TrustProxies.php(58): Illuminate/Pipeline/Pipeline->{closure:{closure:Illuminate/Pipeline/Pipeline::carry():184}:185}()
#40 C:/Akmal/Digitefa/digitefa-jobportal-2026/lms-server-side/vendor/laravel/framework/src/Illuminate/Pipeline/Pipeline.php(209): Illuminate/Http/Middleware/TrustProxies->handle()
#41 C:/Akmal/Digitefa/digitefa-jobportal-2026/lms-server-side/vendor/laravel/framework/src/Illuminate/Foundation/Http/Middleware/InvokeDeferredCallbacks.php(22): Illuminate/Pipeline/Pipeline->{closure:{closure:Illuminate/Pipeline/Pipeline::carry():184}:185}()
#42 C:/Akmal/Digitefa/digitefa-jobportal-2026/lms-server-side/vendor/laravel/framework/src/Illuminate/Pipeline/Pipeline.php(209): Illuminate/Foundation/Http/Middleware/InvokeDeferredCallbacks->handle()
#43 C:/Akmal/Digitefa/digitefa-jobportal-2026/lms-server-side/vendor/laravel/framework/src/Illuminate/Pipeline/Pipeline.php(127): Illuminate/Pipeline/Pipeline->{closure:{closure:Illuminate/Pipeline/Pipeline::carry():184}:185}()
#44 C:/Akmal/Digitefa/digitefa-jobportal-2026/lms-server-side/vendor/laravel/framework/src/Illuminate/Foundation/Http/Kernel.php(176): Illuminate/Pipeline/Pipeline->then()
#45 C:/Akmal/Digitefa/digitefa-jobportal-2026/lms-server-side/vendor/laravel/framework/src/Illuminate/Foundation/Http/Kernel.php(145): Illuminate/Foundation/Http/Kernel->sendRequestThroughRouter()
#46 C:/Akmal/Digitefa/digitefa-jobportal-2026/lms-server-side/vendor/laravel/framework/src/Illuminate/Foundation/Application.php(1220): Illuminate/Foundation/Http/Kernel->handle()
#47 C:/Akmal/Digitefa/digitefa-jobportal-2026/lms-server-side/public/index.php(17): Illuminate/Foundation/Application->handleRequest()
#48 C:/Akmal/Digitefa/digitefa-jobportal-2026/lms-server-side/vendor/laravel/framework/src/Illuminate/Foundation/resources/server.php(23): require_once('...')
#49 {main}

[previous exception] [object] (Illuminate\\Database\\SQLiteDatabaseDoesNotExistException(code: 0): Database file at path [C:\\Akmal\\Digitefa\\digitefa-jobportal-2026\\lms-server-side\\database\\database.sqlite] does not exist. Ensure this is an absolute path to the database. at C:/Akmal/Digitefa/digitefa-jobportal-2026/lms-server-side/vendor/laravel/framework/src/Illuminate/Database/Connectors/SQLiteConnector.php:37)
[stacktrace]
#0 C:/Akmal/Digitefa/digitefa-jobportal-2026/lms-server-side/vendor/laravel/framework/src/Illuminate/Database/Connectors/ConnectionFactory.php(224): Illuminate/Database/Connectors/SQLiteConnector->connect()
#1 [internal function]: Illuminate/Database/Connectors/ConnectionFactory->{closure:Illuminate/Database/Connectors/ConnectionFactory::createPdoResolverWithoutHosts():224}()
#2 C:/Akmal/Digitefa/digitefa-jobportal-2026/lms-server-side/vendor/laravel/framework/src/Illuminate/Database/Connection.php(1231): call_user_func()
#3 C:/Akmal/Digitefa/digitefa-jobportal-2026/lms-server-side/vendor/laravel/framework/src/Illuminate/Database/Connection.php(1267): Illuminate/Database/Connection->getPdo()
#4 C:/Akmal/Digitefa/digitefa-jobportal-2026/lms-server-side/vendor/laravel/framework/src/Illuminate/Database/Connection.php(512): Illuminate/Database/Connection->getReadPdo()
#5 C:/Akmal/Digitefa/digitefa-jobportal-2026/lms-server-side/vendor/laravel/framework/src/Illuminate/Database/Connection.php(407): Illuminate/Database/Connection->getPdoForSelect()
#6 C:/Akmal/Digitefa/digitefa-jobportal-2026/lms-server-side/vendor/laravel/framework/src/Illuminate/Database/Connection.php(812): Illuminate/Database/Connection->{closure:Illuminate/Database/Connection::select():398}()
#7 C:/Akmal/Digitefa/digitefa-jobportal-2026/lms-server-side/vendor/laravel/framework/src/Illuminate/Database/Connection.php(779): Illuminate/Database/Connection->runQueryCallback()
#8 C:/Akmal/Digitefa/digitefa-jobportal-2026/lms-server-side/vendor/laravel/framework/src/Illuminate/Database/Connection.php(398): Illuminate/Database/Connection->run()
#9 C:/Akmal/Digitefa/digitefa-jobportal-2026/lms-server-side/vendor/laravel/framework/src/Illuminate/Database/Query/Builder.php(3106): Illuminate/Database/Connection->select()
#10 C:/Akmal/Digitefa/digitefa-jobportal-2026/lms-server-side/vendor/laravel/framework/src/Illuminate/Database/Query/Builder.php(3091): Illuminate/Database/Query/Builder->runSelect()
#11 C:/Akmal/Digitefa/digitefa-jobportal-2026/lms-server-side/vendor/laravel/framework/src/Illuminate/Database/Query/Builder.php(3676): Illuminate/Database/Query/Builder->{closure:Illuminate/Database/Query/Builder::get():3090}()
#12 C:/Akmal/Digitefa/digitefa-jobportal-2026/lms-server-side/vendor/laravel/framework/src/Illuminate/Database/Query/Builder.php(3090): Illuminate/Database/Query/Builder->onceWithColumns()
#13 C:/Akmal/Digitefa/digitefa-jobportal-2026/lms-server-side/vendor/laravel/framework/src/Illuminate/Database/Eloquent/Builder.php(811): Illuminate/Database/Query/Builder->get()
#14 C:/Akmal/Digitefa/digitefa-jobportal-2026/lms-server-side/vendor/laravel/framework/src/Illuminate/Database/Eloquent/Builder.php(793): Illuminate/Database/Eloquent/Builder->getModels()
#15 C:/Akmal/Digitefa/digitefa-jobportal-2026/lms-server-side/vendor/laravel/framework/src/Illuminate/Support/Traits/ForwardsCalls.php(23): Illuminate/Database/Eloquent/Builder->get()
#16 C:/Akmal/Digitefa/digitefa-jobportal-2026/lms-server-side/vendor/laravel/framework/src/Illuminate/Database/Eloquent/Model.php(2372): Illuminate/Database/Eloquent/Model->forwardCallTo()
#17 C:/Akmal/Digitefa/digitefa-jobportal-2026/lms-server-side/app/Http/Controllers/CourseController.php(225): Illuminate/Database/Eloquent/Model->__call()
#18 C:/Akmal/Digitefa/digitefa-jobportal-2026/lms-server-side/vendor/laravel/framework/src/Illuminate/Routing/ControllerDispatcher.php(47): App/Http/Controllers/CourseController->allCourse()
#19 C:/Akmal/Digitefa/digitefa-jobportal-2026/lms-server-side/vendor/laravel/framework/src/Illuminate/Routing/Route.php(266): Illuminate/Routing/ControllerDispatcher->dispatch()
#20 C:/Akmal/Digitefa/digitefa-jobportal-2026/lms-server-side/vendor/laravel/framework/src/Illuminate/Routing/Route.php(212): Illuminate/Routing/Route->runController()
#21 C:/Akmal/Digitefa/digitefa-jobportal-2026/lms-server-side/vendor/laravel/framework/src/Illuminate/Routing/Router.php(808): Illuminate/Routing/Route->run()
#22 C:/Akmal/Digitefa/digitefa-jobportal-2026/lms-server-side/vendor/laravel/framework/src/Illuminate/Pipeline/Pipeline.php(170): Illuminate/Routing/Router->{closure:Illuminate/Routing/Router::runRouteWithinStack():807}()
#23 C:/Akmal/Digitefa/digitefa-jobportal-2026/lms-server-side/vendor/laravel/framework/src/Illuminate/Routing/Middleware/SubstituteBindings.php(51): Illuminate/Pipeline/Pipeline->{closure:Illuminate/Pipeline/Pipeline::prepareDestination():168}()
#24 C:/Akmal/Digitefa/digitefa-jobportal-2026/lms-server-side/vendor/laravel/framework/src/Illuminate/Pipeline/Pipeline.php(209): Illuminate/Routing/Middleware/SubstituteBindings->handle()
#25 C:/Akmal/Digitefa/digitefa-jobportal-2026/lms-server-side/app/Http/Middleware/ApiForceJsonResponse.php(18): Illuminate/Pipeline/Pipeline->{closure:{closure:Illuminate/Pipeline/Pipeline::carry():184}:185}()
#26 C:/Akmal/Digitefa/digitefa-jobportal-2026/lms-server-side/vendor/laravel/framework/src/Illuminate/Pipeline/Pipeline.php(209): App/Http/Middleware/ApiForceJsonResponse->handle()
#27 C:/Akmal/Digitefa/digitefa-jobportal-2026/lms-server-side/vendor/laravel/framework/src/Illuminate/Pipeline/Pipeline.php(127): Illuminate/Pipeline/Pipeline->{closure:{closure:Illuminate/Pipeline/Pipeline::carry():184}:185}()
#28 C:/Akmal/Digitefa/digitefa-jobportal-2026/lms-server-side/vendor/laravel/framework/src/Illuminate/Routing/Router.php(807): Illuminate/Pipeline/Pipeline->then()
#29 C:/Akmal/Digitefa/digitefa-jobportal-2026/lms-server-side/vendor/laravel/framework/src/Illuminate/Routing/Router.php(786): Illuminate/Routing/Router->runRouteWithinStack()
#30 C:/Akmal/Digitefa/digitefa-jobportal-2026/lms-server-side/vendor/laravel/framework/src/Illuminate/Routing/Router.php(750): Illuminate/Routing/Router->runRoute()
#31 C:/Akmal/Digitefa/digitefa-jobportal-2026/lms-server-side/vendor/laravel/framework/src/Illuminate/Routing/Router.php(739): Illuminate/Routing/Router->dispatchToRoute()
#32 C:/Akmal/Digitefa/digitefa-jobportal-2026/lms-server-side/vendor/laravel/framework/src/Illuminate/Foundation/Http/Kernel.php(201): Illuminate/Routing/Router->dispatch()
#33 C:/Akmal/Digitefa/digitefa-jobportal-2026/lms-server-side/vendor/laravel/framework/src/Illuminate/Pipeline/Pipeline.php(170): Illuminate/Foundation/Http/Kernel->{closure:Illuminate/Foundation/Http/Kernel::dispatchToRouter():198}()
#34 C:/Akmal/Digitefa/digitefa-jobportal-2026/lms-server-side/vendor/laravel/framework/src/Illuminate/Foundation/Http/Middleware/TransformsRequest.php(21): Illuminate/Pipeline/Pipeline->{closure:Illuminate/Pipeline/Pipeline::prepareDestination():168}()
#35 C:/Akmal/Digitefa/digitefa-jobportal-2026/lms-server-side/vendor/laravel/framework/src/Illuminate/Foundation/Http/Middleware/ConvertEmptyStringsToNull.php(31): Illuminate/Foundation/Http/Middleware/TransformsRequest->handle()
#36 C:/Akmal/Digitefa/digitefa-jobportal-2026/lms-server-side/vendor/laravel/framework/src/Illuminate/Pipeline/Pipeline.php(209): Illuminate/Foundation/Http/Middleware/ConvertEmptyStringsToNull->handle()
#37 C:/Akmal/Digitefa/digitefa-jobportal-2026/lms-server-side/vendor/laravel/framework/src/Illuminate/Foundation/Http/Middleware/TransformsRequest.php(21): Illuminate/Pipeline/Pipeline->{closure:{closure:Illuminate/Pipeline/Pipeline::carry():184}:185}()
#38 C:/Akmal/Digitefa/digitefa-jobportal-2026/lms-server-side/vendor/laravel/framework/src/Illuminate/Foundation/Http/Middleware/TrimStrings.php(51): Illuminate/Foundation/Http/Middleware/TransformsRequest->handle()
#39 C:/Akmal/Digitefa/digitefa-jobportal-2026/lms-server-side/vendor/laravel/framework/src/Illuminate/Pipeline/Pipeline.php(209): Illuminate/Foundation/Http/Middleware/TrimStrings->handle()
#40 C:/Akmal/Digitefa/digitefa-jobportal-2026/lms-server-side/vendor/laravel/framework/src/Illuminate/Http/Middleware/ValidatePostSize.php(27): Illuminate/Pipeline/Pipeline->{closure:{closure:Illuminate/Pipeline/Pipeline::carry():184}:185}()
#41 C:/Akmal/Digitefa/digitefa-jobportal-2026/lms-server-side/vendor/laravel/framework/src/Illuminate/Pipeline/Pipeline.php(209): Illuminate/Http/Middleware/ValidatePostSize->handle()
#42 C:/Akmal/Digitefa/digitefa-jobportal-2026/lms-server-side/vendor/laravel/framework/src/Illuminate/Foundation/Http/Middleware/PreventRequestsDuringMaintenance.php(110): Illuminate/Pipeline/Pipeline->{closure:{closure:Illuminate/Pipeline/Pipeline::carry():184}:185}()
#43 C:/Akmal/Digitefa/digitefa-jobportal-2026/lms-server-side/vendor/laravel/framework/src/Illuminate/Pipeline/Pipeline.php(209): Illuminate/Foundation/Http/Middleware/PreventRequestsDuringMaintenance->handle()
#44 C:/Akmal/Digitefa/digitefa-jobportal-2026/lms-server-side/vendor/laravel/framework/src/Illuminate/Http/Middleware/HandleCors.php(62): Illuminate/Pipeline/Pipeline->{closure:{closure:Illuminate/Pipeline/Pipeline::carry():184}:185}()
#45 C:/Akmal/Digitefa/digitefa-jobportal-2026/lms-server-side/vendor/laravel/framework/src/Illuminate/Pipeline/Pipeline.php(209): Illuminate/Http/Middleware/HandleCors->handle()
#46 C:/Akmal/Digitefa/digitefa-jobportal-2026/lms-server-side/vendor/laravel/framework/src/Illuminate/Http/Middleware/TrustProxies.php(58): Illuminate/Pipeline/Pipeline->{closure:{closure:Illuminate/Pipeline/Pipeline::carry():184}:185}()
#47 C:/Akmal/Digitefa/digitefa-jobportal-2026/lms-server-side/vendor/laravel/framework/src/Illuminate/Pipeline/Pipeline.php(209): Illuminate/Http/Middleware/TrustProxies->handle()
#48 C:/Akmal/Digitefa/digitefa-jobportal-2026/lms-server-side/vendor/laravel/framework/src/Illuminate/Foundation/Http/Middleware/InvokeDeferredCallbacks.php(22): Illuminate/Pipeline/Pipeline->{closure:{closure:Illuminate/Pipeline/Pipeline::carry():184}:185}()
#49 C:/Akmal/Digitefa/digitefa-jobportal-2026/lms-server-side/vendor/laravel/framework/src/Illuminate/Pipeline/Pipeline.php(209): Illuminate/Foundation/Http/Middleware/InvokeDeferredCallbacks->handle()
#50 C:/Akmal/Digitefa/digitefa-jobportal-2026/lms-server-side/vendor/laravel/framework/src/Illuminate/Pipeline/Pipeline.php(127): Illuminate/Pipeline/Pipeline->{closure:{closure:Illuminate/Pipeline/Pipeline::carry():184}:185}()
#51 C:/Akmal/Digitefa/digitefa-jobportal-2026/lms-server-side/vendor/laravel/framework/src/Illuminate/Foundation/Http/Kernel.php(176): Illuminate/Pipeline/Pipeline->then()
#52 C:/Akmal/Digitefa/digitefa-jobportal-2026/lms-server-side/vendor/laravel/framework/src/Illuminate/Foundation/Http/Kernel.php(145): Illuminate/Foundation/Http/Kernel->sendRequestThroughRouter()
#53 C:/Akmal/Digitefa/digitefa-jobportal-2026/lms-server-side/vendor/laravel/framework/src/Illuminate/Foundation/Application.php(1220): Illuminate/Foundation/Http/Kernel->handle()
#54 C:/Akmal/Digitefa/digitefa-jobportal-2026/lms-server-side/public/index.php(17): Illuminate/Foundation/Application->handleRequest()
#55 C:/Akmal/Digitefa/digitefa-jobportal-2026/lms-server-side/vendor/laravel/framework/src/Illuminate/Foundation/resources/server.php(23): require_once('...')
#56 {main}
"} 
[2026-06-10 06:27:35] production.ERROR: Database file at path [C:\Akmal\Digitefa\digitefa-jobportal-2026\lms-server-side\database\database.sqlite] does not exist. Ensure this is an absolute path to the database. (Connection: sqlite, SQL: select * from "courses") {"exception":"[object] (Illuminate\\Database\\QueryException(code: 0): Database file at path [C:\\Akmal\\Digitefa\\digitefa-jobportal-2026\\lms-server-side\\database\\database.sqlite] does not exist. Ensure this is an absolute path to the database. (Connection: sqlite, SQL: select * from \"courses\") at C:/Akmal/Digitefa/digitefa-jobportal-2026/lms-server-side/vendor/laravel/framework/src/Illuminate/Database/Connection.php:825)
[stacktrace]
#0 C:/Akmal/Digitefa/digitefa-jobportal-2026/lms-server-side/vendor/laravel/framework/src/Illuminate/Database/Connection.php(779): Illuminate/Database/Connection->runQueryCallback()
#1 C:/Akmal/Digitefa/digitefa-jobportal-2026/lms-server-side/vendor/laravel/framework/src/Illuminate/Database/Connection.php(398): Illuminate/Database/Connection->run()
#2 C:/Akmal/Digitefa/digitefa-jobportal-2026/lms-server-side/vendor/laravel/framework/src/Illuminate/Database/Query/Builder.php(3106): Illuminate/Database/Connection->select()
#3 C:/Akmal/Digitefa/digitefa-jobportal-2026/lms-server-side/vendor/laravel/framework/src/Illuminate/Database/Query/Builder.php(3091): Illuminate/Database/Query/Builder->runSelect()
#4 C:/Akmal/Digitefa/digitefa-jobportal-2026/lms-server-side/vendor/laravel/framework/src/Illuminate/Database/Query/Builder.php(3676): Illuminate/Database/Query/Builder->{closure:Illuminate/Database/Query/Builder::get():3090}()
#5 C:/Akmal/Digitefa/digitefa-jobportal-2026/lms-server-side/vendor/laravel/framework/src/Illuminate/Database/Query/Builder.php(3090): Illuminate/Database/Query/Builder->onceWithColumns()
#6 C:/Akmal/Digitefa/digitefa-jobportal-2026/lms-server-side/vendor/laravel/framework/src/Illuminate/Database/Eloquent/Builder.php(811): Illuminate/Database/Query/Builder->get()
#7 C:/Akmal/Digitefa/digitefa-jobportal-2026/lms-server-side/vendor/laravel/framework/src/Illuminate/Database/Eloquent/Builder.php(793): Illuminate/Database/Eloquent/Builder->getModels()
#8 C:/Akmal/Digitefa/digitefa-jobportal-2026/lms-server-side/vendor/laravel/framework/src/Illuminate/Support/Traits/ForwardsCalls.php(23): Illuminate/Database/Eloquent/Builder->get()
#9 C:/Akmal/Digitefa/digitefa-jobportal-2026/lms-server-side/vendor/laravel/framework/src/Illuminate/Database/Eloquent/Model.php(2372): Illuminate/Database/Eloquent/Model->forwardCallTo()
#10 C:/Akmal/Digitefa/digitefa-jobportal-2026/lms-server-side/app/Http/Controllers/CourseController.php(225): Illuminate/Database/Eloquent/Model->__call()
#11 C:/Akmal/Digitefa/digitefa-jobportal-2026/lms-server-side/vendor/laravel/framework/src/Illuminate/Routing/ControllerDispatcher.php(47): App/Http/Controllers/CourseController->allCourse()
#12 C:/Akmal/Digitefa/digitefa-jobportal-2026/lms-server-side/vendor/laravel/framework/src/Illuminate/Routing/Route.php(266): Illuminate/Routing/ControllerDispatcher->dispatch()
#13 C:/Akmal/Digitefa/digitefa-jobportal-2026/lms-server-side/vendor/laravel/framework/src/Illuminate/Routing/Route.php(212): Illuminate/Routing/Route->runController()
#14 C:/Akmal/Digitefa/digitefa-jobportal-2026/lms-server-side/vendor/laravel/framework/src/Illuminate/Routing/Router.php(808): Illuminate/Routing/Route->run()
#15 C:/Akmal/Digitefa/digitefa-jobportal-2026/lms-server-side/vendor/laravel/framework/src/Illuminate/Pipeline/Pipeline.php(170): Illuminate/Routing/Router->{closure:Illuminate/Routing/Router::runRouteWithinStack():807}()
#16 C:/Akmal/Digitefa/digitefa-jobportal-2026/lms-server-side/vendor/laravel/framework/src/Illuminate/Routing/Middleware/SubstituteBindings.php(51): Illuminate/Pipeline/Pipeline->{closure:Illuminate/Pipeline/Pipeline::prepareDestination():168}()
#17 C:/Akmal/Digitefa/digitefa-jobportal-2026/lms-server-side/vendor/laravel/framework/src/Illuminate/Pipeline/Pipeline.php(209): Illuminate/Routing/Middleware/SubstituteBindings->handle()
#18 C:/Akmal/Digitefa/digitefa-jobportal-2026/lms-server-side/app/Http/Middleware/ApiForceJsonResponse.php(18): Illuminate/Pipeline/Pipeline->{closure:{closure:Illuminate/Pipeline/Pipeline::carry():184}:185}()
#19 C:/Akmal/Digitefa/digitefa-jobportal-2026/lms-server-side/vendor/laravel/framework/src/Illuminate/Pipeline/Pipeline.php(209): App/Http/Middleware/ApiForceJsonResponse->handle()
#20 C:/Akmal/Digitefa/digitefa-jobportal-2026/lms-server-side/vendor/laravel/framework/src/Illuminate/Pipeline/Pipeline.php(127): Illuminate/Pipeline/Pipeline->{closure:{closure:Illuminate/Pipeline/Pipeline::carry():184}:185}()
#21 C:/Akmal/Digitefa/digitefa-jobportal-2026/lms-server-side/vendor/laravel/framework/src/Illuminate/Routing/Router.php(807): Illuminate/Pipeline/Pipeline->then()
#22 C:/Akmal/Digitefa/digitefa-jobportal-2026/lms-server-side/vendor/laravel/framework/src/Illuminate/Routing/Router.php(786): Illuminate/Routing/Router->runRouteWithinStack()
#23 C:/Akmal/Digitefa/digitefa-jobportal-2026/lms-server-side/vendor/laravel/framework/src/Illuminate/Routing/Router.php(750): Illuminate/Routing/Router->runRoute()
#24 C:/Akmal/Digitefa/digitefa-jobportal-2026/lms-server-side/vendor/laravel/framework/src/Illuminate/Routing/Router.php(739): Illuminate/Routing/Router->dispatchToRoute()
#25 C:/Akmal/Digitefa/digitefa-jobportal-2026/lms-server-side/vendor/laravel/framework/src/Illuminate/Foundation/Http/Kernel.php(201): Illuminate/Routing/Router->dispatch()
#26 C:/Akmal/Digitefa/digitefa-jobportal-2026/lms-server-side/vendor/laravel/framework/src/Illuminate/Pipeline/Pipeline.php(170): Illuminate/Foundation/Http/Kernel->{closure:Illuminate/Foundation/Http/Kernel::dispatchToRouter():198}()
#27 C:/Akmal/Digitefa/digitefa-jobportal-2026/lms-server-side/vendor/laravel/framework/src/Illuminate/Foundation/Http/Middleware/TransformsRequest.php(21): Illuminate/Pipeline/Pipeline->{closure:Illuminate/Pipeline/Pipeline::prepareDestination():168}()
#28 C:/Akmal/Digitefa/digitefa-jobportal-2026/lms-server-side/vendor/laravel/framework/src/Illuminate/Foundation/Http/Middleware/ConvertEmptyStringsToNull.php(31): Illuminate/Foundation/Http/Middleware/TransformsRequest->handle()
#29 C:/Akmal/Digitefa/digitefa-jobportal-2026/lms-server-side/vendor/laravel/framework/src/Illuminate/Pipeline/Pipeline.php(209): Illuminate/Foundation/Http/Middleware/ConvertEmptyStringsToNull->handle()
#30 C:/Akmal/Digitefa/digitefa-jobportal-2026/lms-server-side/vendor/laravel/framework/src/Illuminate/Foundation/Http/Middleware/TransformsRequest.php(21): Illuminate/Pipeline/Pipeline->{closure:{closure:Illuminate/Pipeline/Pipeline::carry():184}:185}()
#31 C:/Akmal/Digitefa/digitefa-jobportal-2026/lms-server-side/vendor/laravel/framework/src/Illuminate/Foundation/Http/Middleware/TrimStrings.php(51): Illuminate/Foundation/Http/Middleware/TransformsRequest->handle()
#32 C:/Akmal/Digitefa/digitefa-jobportal-2026/lms-server-side/vendor/laravel/framework/src/Illuminate/Pipeline/Pipeline.php(209): Illuminate/Foundation/Http/Middleware/TrimStrings->handle()
#33 C:/Akmal/Digitefa/digitefa-jobportal-2026/lms-server-side/vendor/laravel/framework/src/Illuminate/Http/Middleware/ValidatePostSize.php(27): Illuminate/Pipeline/Pipeline->{closure:{closure:Illuminate/Pipeline/Pipeline::carry():184}:185}()
#34 C:/Akmal/Digitefa/digitefa-jobportal-2026/lms-server-side/vendor/laravel/framework/src/Illuminate/Pipeline/Pipeline.php(209): Illuminate/Http/Middleware/ValidatePostSize->handle()
#35 C:/Akmal/Digitefa/digitefa-jobportal-2026/lms-server-side/vendor/laravel/framework/src/Illuminate/Foundation/Http/Middleware/PreventRequestsDuringMaintenance.php(110): Illuminate/Pipeline/Pipeline->{closure:{closure:Illuminate/Pipeline/Pipeline::carry():184}:185}()
#36 C:/Akmal/Digitefa/digitefa-jobportal-2026/lms-server-side/vendor/laravel/framework/src/Illuminate/Pipeline/Pipeline.php(209): Illuminate/Foundation/Http/Middleware/PreventRequestsDuringMaintenance->handle()
#37 C:/Akmal/Digitefa/digitefa-jobportal-2026/lms-server-side/vendor/laravel/framework/src/Illuminate/Http/Middleware/HandleCors.php(62): Illuminate/Pipeline/Pipeline->{closure:{closure:Illuminate/Pipeline/Pipeline::carry():184}:185}()
#38 C:/Akmal/Digitefa/digitefa-jobportal-2026/lms-server-side/vendor/laravel/framework/src/Illuminate/Pipeline/Pipeline.php(209): Illuminate/Http/Middleware/HandleCors->handle()
#39 C:/Akmal/Digitefa/digitefa-jobportal-2026/lms-server-side/vendor/laravel/framework/src/Illuminate/Http/Middleware/TrustProxies.php(58): Illuminate/Pipeline/Pipeline->{closure:{closure:Illuminate/Pipeline/Pipeline::carry():184}:185}()
#40 C:/Akmal/Digitefa/digitefa-jobportal-2026/lms-server-side/vendor/laravel/framework/src/Illuminate/Pipeline/Pipeline.php(209): Illuminate/Http/Middleware/TrustProxies->handle()
#41 C:/Akmal/Digitefa/digitefa-jobportal-2026/lms-server-side/vendor/laravel/framework/src/Illuminate/Foundation/Http/Middleware/InvokeDeferredCallbacks.php(22): Illuminate/Pipeline/Pipeline->{closure:{closure:Illuminate/Pipeline/Pipeline::carry():184}:185}()
#42 C:/Akmal/Digitefa/digitefa-jobportal-2026/lms-server-side/vendor/laravel/framework/src/Illuminate/Pipeline/Pipeline.php(209): Illuminate/Foundation/Http/Middleware/InvokeDeferredCallbacks->handle()
#43 C:/Akmal/Digitefa/digitefa-jobportal-2026/lms-server-side/vendor/laravel/framework/src/Illuminate/Pipeline/Pipeline.php(127): Illuminate/Pipeline/Pipeline->{closure:{closure:Illuminate/Pipeline/Pipeline::carry():184}:185}()
#44 C:/Akmal/Digitefa/digitefa-jobportal-2026/lms-server-side/vendor/laravel/framework/src/Illuminate/Foundation/Http/Kernel.php(176): Illuminate/Pipeline/Pipeline->then()
#45 C:/Akmal/Digitefa/digitefa-jobportal-2026/lms-server-side/vendor/laravel/framework/src/Illuminate/Foundation/Http/Kernel.php(145): Illuminate/Foundation/Http/Kernel->sendRequestThroughRouter()
#46 C:/Akmal/Digitefa/digitefa-jobportal-2026/lms-server-side/vendor/laravel/framework/src/Illuminate/Foundation/Application.php(1220): Illuminate/Foundation/Http/Kernel->handle()
#47 C:/Akmal/Digitefa/digitefa-jobportal-2026/lms-server-side/public/index.php(17): Illuminate/Foundation/Application->handleRequest()
#48 C:/Akmal/Digitefa/digitefa-jobportal-2026/lms-server-side/vendor/laravel/framework/src/Illuminate/Foundation/resources/server.php(23): require_once('...')
#49 {main}

[previous exception] [object] (Illuminate\\Database\\SQLiteDatabaseDoesNotExistException(code: 0): Database file at path [C:\\Akmal\\Digitefa\\digitefa-jobportal-2026\\lms-server-side\\database\\database.sqlite] does not exist. Ensure this is an absolute path to the database. at C:/Akmal/Digitefa/digitefa-jobportal-2026/lms-server-side/vendor/laravel/framework/src/Illuminate/Database/Connectors/SQLiteConnector.php:37)
[stacktrace]
#0 C:/Akmal/Digitefa/digitefa-jobportal-2026/lms-server-side/vendor/laravel/framework/src/Illuminate/Database/Connectors/ConnectionFactory.php(224): Illuminate/Database/Connectors/SQLiteConnector->connect()
#1 [internal function]: Illuminate/Database/Connectors/ConnectionFactory->{closure:Illuminate/Database/Connectors/ConnectionFactory::createPdoResolverWithoutHosts():224}()
#2 C:/Akmal/Digitefa/digitefa-jobportal-2026/lms-server-side/vendor/laravel/framework/src/Illuminate/Database/Connection.php(1231): call_user_func()
#3 C:/Akmal/Digitefa/digitefa-jobportal-2026/lms-server-side/vendor/laravel/framework/src/Illuminate/Database/Connection.php(1267): Illuminate/Database/Connection->getPdo()
#4 C:/Akmal/Digitefa/digitefa-jobportal-2026/lms-server-side/vendor/laravel/framework/src/Illuminate/Database/Connection.php(512): Illuminate/Database/Connection->getReadPdo()
#5 C:/Akmal/Digitefa/digitefa-jobportal-2026/lms-server-side/vendor/laravel/framework/src/Illuminate/Database/Connection.php(407): Illuminate/Database/Connection->getPdoForSelect()
#6 C:/Akmal/Digitefa/digitefa-jobportal-2026/lms-server-side/vendor/laravel/framework/src/Illuminate/Database/Connection.php(812): Illuminate/Database/Connection->{closure:Illuminate/Database/Connection::select():398}()
#7 C:/Akmal/Digitefa/digitefa-jobportal-2026/lms-server-side/vendor/laravel/framework/src/Illuminate/Database/Connection.php(779): Illuminate/Database/Connection->runQueryCallback()
#8 C:/Akmal/Digitefa/digitefa-jobportal-2026/lms-server-side/vendor/laravel/framework/src/Illuminate/Database/Connection.php(398): Illuminate/Database/Connection->run()
#9 C:/Akmal/Digitefa/digitefa-jobportal-2026/lms-server-side/vendor/laravel/framework/src/Illuminate/Database/Query/Builder.php(3106): Illuminate/Database/Connection->select()
#10 C:/Akmal/Digitefa/digitefa-jobportal-2026/lms-server-side/vendor/laravel/framework/src/Illuminate/Database/Query/Builder.php(3091): Illuminate/Database/Query/Builder->runSelect()
#11 C:/Akmal/Digitefa/digitefa-jobportal-2026/lms-server-side/vendor/laravel/framework/src/Illuminate/Database/Query/Builder.php(3676): Illuminate/Database/Query/Builder->{closure:Illuminate/Database/Query/Builder::get():3090}()
#12 C:/Akmal/Digitefa/digitefa-jobportal-2026/lms-server-side/vendor/laravel/framework/src/Illuminate/Database/Query/Builder.php(3090): Illuminate/Database/Query/Builder->onceWithColumns()
#13 C:/Akmal/Digitefa/digitefa-jobportal-2026/lms-server-side/vendor/laravel/framework/src/Illuminate/Database/Eloquent/Builder.php(811): Illuminate/Database/Query/Builder->get()
#14 C:/Akmal/Digitefa/digitefa-jobportal-2026/lms-server-side/vendor/laravel/framework/src/Illuminate/Database/Eloquent/Builder.php(793): Illuminate/Database/Eloquent/Builder->getModels()
#15 C:/Akmal/Digitefa/digitefa-jobportal-2026/lms-server-side/vendor/laravel/framework/src/Illuminate/Support/Traits/ForwardsCalls.php(23): Illuminate/Database/Eloquent/Builder->get()
#16 C:/Akmal/Digitefa/digitefa-jobportal-2026/lms-server-side/vendor/laravel/framework/src/Illuminate/Database/Eloquent/Model.php(2372): Illuminate/Database/Eloquent/Model->forwardCallTo()
#17 C:/Akmal/Digitefa/digitefa-jobportal-2026/lms-server-side/app/Http/Controllers/CourseController.php(225): Illuminate/Database/Eloquent/Model->__call()
#18 C:/Akmal/Digitefa/digitefa-jobportal-2026/lms-server-side/vendor/laravel/framework/src/Illuminate/Routing/ControllerDispatcher.php(47): App/Http/Controllers/CourseController->allCourse()
#19 C:/Akmal/Digitefa/digitefa-jobportal-2026/lms-server-side/vendor/laravel/framework/src/Illuminate/Routing/Route.php(266): Illuminate/Routing/ControllerDispatcher->dispatch()
#20 C:/Akmal/Digitefa/digitefa-jobportal-2026/lms-server-side/vendor/laravel/framework/src/Illuminate/Routing/Route.php(212): Illuminate/Routing/Route->runController()
#21 C:/Akmal/Digitefa/digitefa-jobportal-2026/lms-server-side/vendor/laravel/framework/src/Illuminate/Routing/Router.php(808): Illuminate/Routing/Route->run()
#22 C:/Akmal/Digitefa/digitefa-jobportal-2026/lms-server-side/vendor/laravel/framework/src/Illuminate/Pipeline/Pipeline.php(170): Illuminate/Routing/Router->{closure:Illuminate/Routing/Router::runRouteWithinStack():807}()
#23 C:/Akmal/Digitefa/digitefa-jobportal-2026/lms-server-side/vendor/laravel/framework/src/Illuminate/Routing/Middleware/SubstituteBindings.php(51): Illuminate/Pipeline/Pipeline->{closure:Illuminate/Pipeline/Pipeline::prepareDestination():168}()
#24 C:/Akmal/Digitefa/digitefa-jobportal-2026/lms-server-side/vendor/laravel/framework/src/Illuminate/Pipeline/Pipeline.php(209): Illuminate/Routing/Middleware/SubstituteBindings->handle()
#25 C:/Akmal/Digitefa/digitefa-jobportal-2026/lms-server-side/app/Http/Middleware/ApiForceJsonResponse.php(18): Illuminate/Pipeline/Pipeline->{closure:{closure:Illuminate/Pipeline/Pipeline::carry():184}:185}()
#26 C:/Akmal/Digitefa/digitefa-jobportal-2026/lms-server-side/vendor/laravel/framework/src/Illuminate/Pipeline/Pipeline.php(209): App/Http/Middleware/ApiForceJsonResponse->handle()
#27 C:/Akmal/Digitefa/digitefa-jobportal-2026/lms-server-side/vendor/laravel/framework/src/Illuminate/Pipeline/Pipeline.php(127): Illuminate/Pipeline/Pipeline->{closure:{closure:Illuminate/Pipeline/Pipeline::carry():184}:185}()
#28 C:/Akmal/Digitefa/digitefa-jobportal-2026/lms-server-side/vendor/laravel/framework/src/Illuminate/Routing/Router.php(807): Illuminate/Pipeline/Pipeline->then()
#29 C:/Akmal/Digitefa/digitefa-jobportal-2026/lms-server-side/vendor/laravel/framework/src/Illuminate/Routing/Router.php(786): Illuminate/Routing/Router->runRouteWithinStack()
#30 C:/Akmal/Digitefa/digitefa-jobportal-2026/lms-server-side/vendor/laravel/framework/src/Illuminate/Routing/Router.php(750): Illuminate/Routing/Router->runRoute()
#31 C:/Akmal/Digitefa/digitefa-jobportal-2026/lms-server-side/vendor/laravel/framework/src/Illuminate/Routing/Router.php(739): Illuminate/Routing/Router->dispatchToRoute()
#32 C:/Akmal/Digitefa/digitefa-jobportal-2026/lms-server-side/vendor/laravel/framework/src/Illuminate/Foundation/Http/Kernel.php(201): Illuminate/Routing/Router->dispatch()
#33 C:/Akmal/Digitefa/digitefa-jobportal-2026/lms-server-side/vendor/laravel/framework/src/Illuminate/Pipeline/Pipeline.php(170): Illuminate/Foundation/Http/Kernel->{closure:Illuminate/Foundation/Http/Kernel::dispatchToRouter():198}()
#34 C:/Akmal/Digitefa/digitefa-jobportal-2026/lms-server-side/vendor/laravel/framework/src/Illuminate/Foundation/Http/Middleware/TransformsRequest.php(21): Illuminate/Pipeline/Pipeline->{closure:Illuminate/Pipeline/Pipeline::prepareDestination():168}()
#35 C:/Akmal/Digitefa/digitefa-jobportal-2026/lms-server-side/vendor/laravel/framework/src/Illuminate/Foundation/Http/Middleware/ConvertEmptyStringsToNull.php(31): Illuminate/Foundation/Http/Middleware/TransformsRequest->handle()
#36 C:/Akmal/Digitefa/digitefa-jobportal-2026/lms-server-side/vendor/laravel/framework/src/Illuminate/Pipeline/Pipeline.php(209): Illuminate/Foundation/Http/Middleware/ConvertEmptyStringsToNull->handle()
#37 C:/Akmal/Digitefa/digitefa-jobportal-2026/lms-server-side/vendor/laravel/framework/src/Illuminate/Foundation/Http/Middleware/TransformsRequest.php(21): Illuminate/Pipeline/Pipeline->{closure:{closure:Illuminate/Pipeline/Pipeline::carry():184}:185}()
#38 C:/Akmal/Digitefa/digitefa-jobportal-2026/lms-server-side/vendor/laravel/framework/src/Illuminate/Foundation/Http/Middleware/TrimStrings.php(51): Illuminate/Foundation/Http/Middleware/TransformsRequest->handle()
#39 C:/Akmal/Digitefa/digitefa-jobportal-2026/lms-server-side/vendor/laravel/framework/src/Illuminate/Pipeline/Pipeline.php(209): Illuminate/Foundation/Http/Middleware/TrimStrings->handle()
#40 C:/Akmal/Digitefa/digitefa-jobportal-2026/lms-server-side/vendor/laravel/framework/src/Illuminate/Http/Middleware/ValidatePostSize.php(27): Illuminate/Pipeline/Pipeline->{closure:{closure:Illuminate/Pipeline/Pipeline::carry():184}:185}()
#41 C:/Akmal/Digitefa/digitefa-jobportal-2026/lms-server-side/vendor/laravel/framework/src/Illuminate/Pipeline/Pipeline.php(209): Illuminate/Http/Middleware/ValidatePostSize->handle()
#42 C:/Akmal/Digitefa/digitefa-jobportal-2026/lms-server-side/vendor/laravel/framework/src/Illuminate/Foundation/Http/Middleware/PreventRequestsDuringMaintenance.php(110): Illuminate/Pipeline/Pipeline->{closure:{closure:Illuminate/Pipeline/Pipeline::carry():184}:185}()
#43 C:/Akmal/Digitefa/digitefa-jobportal-2026/lms-server-side/vendor/laravel/framework/src/Illuminate/Pipeline/Pipeline.php(209): Illuminate/Foundation/Http/Middleware/PreventRequestsDuringMaintenance->handle()
#44 C:/Akmal/Digitefa/digitefa-jobportal-2026/lms-server-side/vendor/laravel/framework/src/Illuminate/Http/Middleware/HandleCors.php(62): Illuminate/Pipeline/Pipeline->{closure:{closure:Illuminate/Pipeline/Pipeline::carry():184}:185}()
#45 C:/Akmal/Digitefa/digitefa-jobportal-2026/lms-server-side/vendor/laravel/framework/src/Illuminate/Pipeline/Pipeline.php(209): Illuminate/Http/Middleware/HandleCors->handle()
#46 C:/Akmal/Digitefa/digitefa-jobportal-2026/lms-server-side/vendor/laravel/framework/src/Illuminate/Http/Middleware/TrustProxies.php(58): Illuminate/Pipeline/Pipeline->{closure:{closure:Illuminate/Pipeline/Pipeline::carry():184}:185}()
#47 C:/Akmal/Digitefa/digitefa-jobportal-2026/lms-server-side/vendor/laravel/framework/src/Illuminate/Pipeline/Pipeline.php(209): Illuminate/Http/Middleware/TrustProxies->handle()
#48 C:/Akmal/Digitefa/digitefa-jobportal-2026/lms-server-side/vendor/laravel/framework/src/Illuminate/Foundation/Http/Middleware/InvokeDeferredCallbacks.php(22): Illuminate/Pipeline/Pipeline->{closure:{closure:Illuminate/Pipeline/Pipeline::carry():184}:185}()
#49 C:/Akmal/Digitefa/digitefa-jobportal-2026/lms-server-side/vendor/laravel/framework/src/Illuminate/Pipeline/Pipeline.php(209): Illuminate/Foundation/Http/Middleware/InvokeDeferredCallbacks->handle()
#50 C:/Akmal/Digitefa/digitefa-jobportal-2026/lms-server-side/vendor/laravel/framework/src/Illuminate/Pipeline/Pipeline.php(127): Illuminate/Pipeline/Pipeline->{closure:{closure:Illuminate/Pipeline/Pipeline::carry():184}:185}()
#51 C:/Akmal/Digitefa/digitefa-jobportal-2026/lms-server-side/vendor/laravel/framework/src/Illuminate/Foundation/Http/Kernel.php(176): Illuminate/Pipeline/Pipeline->then()
#52 C:/Akmal/Digitefa/digitefa-jobportal-2026/lms-server-side/vendor/laravel/framework/src/Illuminate/Foundation/Http/Kernel.php(145): Illuminate/Foundation/Http/Kernel->sendRequestThroughRouter()
#53 C:/Akmal/Digitefa/digitefa-jobportal-2026/lms-server-side/vendor/laravel/framework/src/Illuminate/Foundation/Application.php(1220): Illuminate/Foundation/Http/Kernel->handle()
#54 C:/Akmal/Digitefa/digitefa-jobportal-2026/lms-server-side/public/index.php(17): Illuminate/Foundation/Application->handleRequest()
#55 C:/Akmal/Digitefa/digitefa-jobportal-2026/lms-server-side/vendor/laravel/framework/src/Illuminate/Foundation/resources/server.php(23): require_once('...')
#56 {main}
"} 
[2026-06-10 10:07:09] production.ERROR: Database file at path [C:\Akmal\Digitefa\digitefa-jobportal-2026\lms-server-side\database\database.sqlite] does not exist. Ensure this is an absolute path to the database. (Connection: sqlite, SQL: select * from "courses") {"exception":"[object] (Illuminate\\Database\\QueryException(code: 0): Database file at path [C:\\Akmal\\Digitefa\\digitefa-jobportal-2026\\lms-server-side\\database\\database.sqlite] does not exist. Ensure this is an absolute path to the database. (Connection: sqlite, SQL: select * from \"courses\") at C:/Akmal/Digitefa/digitefa-jobportal-2026/lms-server-side/vendor/laravel/framework/src/Illuminate/Database/Connection.php:825)
[stacktrace]
#0 C:/Akmal/Digitefa/digitefa-jobportal-2026/lms-server-side/vendor/laravel/framework/src/Illuminate/Database/Connection.php(779): Illuminate/Database/Connection->runQueryCallback()
#1 C:/Akmal/Digitefa/digitefa-jobportal-2026/lms-server-side/vendor/laravel/framework/src/Illuminate/Database/Connection.php(398): Illuminate/Database/Connection->run()
#2 C:/Akmal/Digitefa/digitefa-jobportal-2026/lms-server-side/vendor/laravel/framework/src/Illuminate/Database/Query/Builder.php(3106): Illuminate/Database/Connection->select()
#3 C:/Akmal/Digitefa/digitefa-jobportal-2026/lms-server-side/vendor/laravel/framework/src/Illuminate/Database/Query/Builder.php(3091): Illuminate/Database/Query/Builder->runSelect()
#4 C:/Akmal/Digitefa/digitefa-jobportal-2026/lms-server-side/vendor/laravel/framework/src/Illuminate/Database/Query/Builder.php(3676): Illuminate/Database/Query/Builder->{closure:Illuminate/Database/Query/Builder::get():3090}()
#5 C:/Akmal/Digitefa/digitefa-jobportal-2026/lms-server-side/vendor/laravel/framework/src/Illuminate/Database/Query/Builder.php(3090): Illuminate/Database/Query/Builder->onceWithColumns()
#6 C:/Akmal/Digitefa/digitefa-jobportal-2026/lms-server-side/vendor/laravel/framework/src/Illuminate/Database/Eloquent/Builder.php(811): Illuminate/Database/Query/Builder->get()
#7 C:/Akmal/Digitefa/digitefa-jobportal-2026/lms-server-side/vendor/laravel/framework/src/Illuminate/Database/Eloquent/Builder.php(793): Illuminate/Database/Eloquent/Builder->getModels()
#8 C:/Akmal/Digitefa/digitefa-jobportal-2026/lms-server-side/vendor/laravel/framework/src/Illuminate/Support/Traits/ForwardsCalls.php(23): Illuminate/Database/Eloquent/Builder->get()
#9 C:/Akmal/Digitefa/digitefa-jobportal-2026/lms-server-side/vendor/laravel/framework/src/Illuminate/Database/Eloquent/Model.php(2372): Illuminate/Database/Eloquent/Model->forwardCallTo()
#10 C:/Akmal/Digitefa/digitefa-jobportal-2026/lms-server-side/app/Http/Controllers/CourseController.php(225): Illuminate/Database/Eloquent/Model->__call()
#11 C:/Akmal/Digitefa/digitefa-jobportal-2026/lms-server-side/vendor/laravel/framework/src/Illuminate/Routing/ControllerDispatcher.php(47): App/Http/Controllers/CourseController->allCourse()
#12 C:/Akmal/Digitefa/digitefa-jobportal-2026/lms-server-side/vendor/laravel/framework/src/Illuminate/Routing/Route.php(266): Illuminate/Routing/ControllerDispatcher->dispatch()
#13 C:/Akmal/Digitefa/digitefa-jobportal-2026/lms-server-side/vendor/laravel/framework/src/Illuminate/Routing/Route.php(212): Illuminate/Routing/Route->runController()
#14 C:/Akmal/Digitefa/digitefa-jobportal-2026/lms-server-side/vendor/laravel/framework/src/Illuminate/Routing/Router.php(808): Illuminate/Routing/Route->run()
#15 C:/Akmal/Digitefa/digitefa-jobportal-2026/lms-server-side/vendor/laravel/framework/src/Illuminate/Pipeline/Pipeline.php(170): Illuminate/Routing/Router->{closure:Illuminate/Routing/Router::runRouteWithinStack():807}()
#16 C:/Akmal/Digitefa/digitefa-jobportal-2026/lms-server-side/vendor/laravel/framework/src/Illuminate/Routing/Middleware/SubstituteBindings.php(51): Illuminate/Pipeline/Pipeline->{closure:Illuminate/Pipeline/Pipeline::prepareDestination():168}()
#17 C:/Akmal/Digitefa/digitefa-jobportal-2026/lms-server-side/vendor/laravel/framework/src/Illuminate/Pipeline/Pipeline.php(209): Illuminate/Routing/Middleware/SubstituteBindings->handle()
#18 C:/Akmal/Digitefa/digitefa-jobportal-2026/lms-server-side/app/Http/Middleware/ApiForceJsonResponse.php(18): Illuminate/Pipeline/Pipeline->{closure:{closure:Illuminate/Pipeline/Pipeline::carry():184}:185}()
#19 C:/Akmal/Digitefa/digitefa-jobportal-2026/lms-server-side/vendor/laravel/framework/src/Illuminate/Pipeline/Pipeline.php(209): App/Http/Middleware/ApiForceJsonResponse->handle()
#20 C:/Akmal/Digitefa/digitefa-jobportal-2026/lms-server-side/vendor/laravel/framework/src/Illuminate/Pipeline/Pipeline.php(127): Illuminate/Pipeline/Pipeline->{closure:{closure:Illuminate/Pipeline/Pipeline::carry():184}:185}()
#21 C:/Akmal/Digitefa/digitefa-jobportal-2026/lms-server-side/vendor/laravel/framework/src/Illuminate/Routing/Router.php(807): Illuminate/Pipeline/Pipeline->then()
#22 C:/Akmal/Digitefa/digitefa-jobportal-2026/lms-server-side/vendor/laravel/framework/src/Illuminate/Routing/Router.php(786): Illuminate/Routing/Router->runRouteWithinStack()
#23 C:/Akmal/Digitefa/digitefa-jobportal-2026/lms-server-side/vendor/laravel/framework/src/Illuminate/Routing/Router.php(750): Illuminate/Routing/Router->runRoute()
#24 C:/Akmal/Digitefa/digitefa-jobportal-2026/lms-server-side/vendor/laravel/framework/src/Illuminate/Routing/Router.php(739): Illuminate/Routing/Router->dispatchToRoute()
#25 C:/Akmal/Digitefa/digitefa-jobportal-2026/lms-server-side/vendor/laravel/framework/src/Illuminate/Foundation/Http/Kernel.php(201): Illuminate/Routing/Router->dispatch()
#26 C:/Akmal/Digitefa/digitefa-jobportal-2026/lms-server-side/vendor/laravel/framework/src/Illuminate/Pipeline/Pipeline.php(170): Illuminate/Foundation/Http/Kernel->{closure:Illuminate/Foundation/Http/Kernel::dispatchToRouter():198}()
#27 C:/Akmal/Digitefa/digitefa-jobportal-2026/lms-server-side/vendor/laravel/framework/src/Illuminate/Foundation/Http/Middleware/TransformsRequest.php(21): Illuminate/Pipeline/Pipeline->{closure:Illuminate/Pipeline/Pipeline::prepareDestination():168}()
#28 C:/Akmal/Digitefa/digitefa-jobportal-2026/lms-server-side/vendor/laravel/framework/src/Illuminate/Foundation/Http/Middleware/ConvertEmptyStringsToNull.php(31): Illuminate/Foundation/Http/Middleware/TransformsRequest->handle()
#29 C:/Akmal/Digitefa/digitefa-jobportal-2026/lms-server-side/vendor/laravel/framework/src/Illuminate/Pipeline/Pipeline.php(209): Illuminate/Foundation/Http/Middleware/ConvertEmptyStringsToNull->handle()
#30 C:/Akmal/Digitefa/digitefa-jobportal-2026/lms-server-side/vendor/laravel/framework/src/Illuminate/Foundation/Http/Middleware/TransformsRequest.php(21): Illuminate/Pipeline/Pipeline->{closure:{closure:Illuminate/Pipeline/Pipeline::carry():184}:185}()
#31 C:/Akmal/Digitefa/digitefa-jobportal-2026/lms-server-side/vendor/laravel/framework/src/Illuminate/Foundation/Http/Middleware/TrimStrings.php(51): Illuminate/Foundation/Http/Middleware/TransformsRequest->handle()
#32 C:/Akmal/Digitefa/digitefa-jobportal-2026/lms-server-side/vendor/laravel/framework/src/Illuminate/Pipeline/Pipeline.php(209): Illuminate/Foundation/Http/Middleware/TrimStrings->handle()
#33 C:/Akmal/Digitefa/digitefa-jobportal-2026/lms-server-side/vendor/laravel/framework/src/Illuminate/Http/Middleware/ValidatePostSize.php(27): Illuminate/Pipeline/Pipeline->{closure:{closure:Illuminate/Pipeline/Pipeline::carry():184}:185}()
#34 C:/Akmal/Digitefa/digitefa-jobportal-2026/lms-server-side/vendor/laravel/framework/src/Illuminate/Pipeline/Pipeline.php(209): Illuminate/Http/Middleware/ValidatePostSize->handle()
#35 C:/Akmal/Digitefa/digitefa-jobportal-2026/lms-server-side/vendor/laravel/framework/src/Illuminate/Foundation/Http/Middleware/PreventRequestsDuringMaintenance.php(110): Illuminate/Pipeline/Pipeline->{closure:{closure:Illuminate/Pipeline/Pipeline::carry():184}:185}()
#36 C:/Akmal/Digitefa/digitefa-jobportal-2026/lms-server-side/vendor/laravel/framework/src/Illuminate/Pipeline/Pipeline.php(209): Illuminate/Foundation/Http/Middleware/PreventRequestsDuringMaintenance->handle()
#37 C:/Akmal/Digitefa/digitefa-jobportal-2026/lms-server-side/vendor/laravel/framework/src/Illuminate/Http/Middleware/HandleCors.php(62): Illuminate/Pipeline/Pipeline->{closure:{closure:Illuminate/Pipeline/Pipeline::carry():184}:185}()
#38 C:/Akmal/Digitefa/digitefa-jobportal-2026/lms-server-side/vendor/laravel/framework/src/Illuminate/Pipeline/Pipeline.php(209): Illuminate/Http/Middleware/HandleCors->handle()
#39 C:/Akmal/Digitefa/digitefa-jobportal-2026/lms-server-side/vendor/laravel/framework/src/Illuminate/Http/Middleware/TrustProxies.php(58): Illuminate/Pipeline/Pipeline->{closure:{closure:Illuminate/Pipeline/Pipeline::carry():184}:185}()
#40 C:/Akmal/Digitefa/digitefa-jobportal-2026/lms-server-side/vendor/laravel/framework/src/Illuminate/Pipeline/Pipeline.php(209): Illuminate/Http/Middleware/TrustProxies->handle()
#41 C:/Akmal/Digitefa/digitefa-jobportal-2026/lms-server-side/vendor/laravel/framework/src/Illuminate/Foundation/Http/Middleware/InvokeDeferredCallbacks.php(22): Illuminate/Pipeline/Pipeline->{closure:{closure:Illuminate/Pipeline/Pipeline::carry():184}:185}()
#42 C:/Akmal/Digitefa/digitefa-jobportal-2026/lms-server-side/vendor/laravel/framework/src/Illuminate/Pipeline/Pipeline.php(209): Illuminate/Foundation/Http/Middleware/InvokeDeferredCallbacks->handle()
#43 C:/Akmal/Digitefa/digitefa-jobportal-2026/lms-server-side/vendor/laravel/framework/src/Illuminate/Pipeline/Pipeline.php(127): Illuminate/Pipeline/Pipeline->{closure:{closure:Illuminate/Pipeline/Pipeline::carry():184}:185}()
#44 C:/Akmal/Digitefa/digitefa-jobportal-2026/lms-server-side/vendor/laravel/framework/src/Illuminate/Foundation/Http/Kernel.php(176): Illuminate/Pipeline/Pipeline->then()
#45 C:/Akmal/Digitefa/digitefa-jobportal-2026/lms-server-side/vendor/laravel/framework/src/Illuminate/Foundation/Http/Kernel.php(145): Illuminate/Foundation/Http/Kernel->sendRequestThroughRouter()
#46 C:/Akmal/Digitefa/digitefa-jobportal-2026/lms-server-side/vendor/laravel/framework/src/Illuminate/Foundation/Application.php(1220): Illuminate/Foundation/Http/Kernel->handle()
#47 C:/Akmal/Digitefa/digitefa-jobportal-2026/lms-server-side/public/index.php(17): Illuminate/Foundation/Application->handleRequest()
#48 C:/Akmal/Digitefa/digitefa-jobportal-2026/lms-server-side/vendor/laravel/framework/src/Illuminate/Foundation/resources/server.php(23): require_once('...')
#49 {main}

[previous exception] [object] (Illuminate\\Database\\SQLiteDatabaseDoesNotExistException(code: 0): Database file at path [C:\\Akmal\\Digitefa\\digitefa-jobportal-2026\\lms-server-side\\database\\database.sqlite] does not exist. Ensure this is an absolute path to the database. at C:/Akmal/Digitefa/digitefa-jobportal-2026/lms-server-side/vendor/laravel/framework/src/Illuminate/Database/Connectors/SQLiteConnector.php:37)
[stacktrace]
#0 C:/Akmal/Digitefa/digitefa-jobportal-2026/lms-server-side/vendor/laravel/framework/src/Illuminate/Database/Connectors/ConnectionFactory.php(224): Illuminate/Database/Connectors/SQLiteConnector->connect()
#1 [internal function]: Illuminate/Database/Connectors/ConnectionFactory->{closure:Illuminate/Database/Connectors/ConnectionFactory::createPdoResolverWithoutHosts():224}()
#2 C:/Akmal/Digitefa/digitefa-jobportal-2026/lms-server-side/vendor/laravel/framework/src/Illuminate/Database/Connection.php(1231): call_user_func()
#3 C:/Akmal/Digitefa/digitefa-jobportal-2026/lms-server-side/vendor/laravel/framework/src/Illuminate/Database/Connection.php(1267): Illuminate/Database/Connection->getPdo()
#4 C:/Akmal/Digitefa/digitefa-jobportal-2026/lms-server-side/vendor/laravel/framework/src/Illuminate/Database/Connection.php(512): Illuminate/Database/Connection->getReadPdo()
#5 C:/Akmal/Digitefa/digitefa-jobportal-2026/lms-server-side/vendor/laravel/framework/src/Illuminate/Database/Connection.php(407): Illuminate/Database/Connection->getPdoForSelect()
#6 C:/Akmal/Digitefa/digitefa-jobportal-2026/lms-server-side/vendor/laravel/framework/src/Illuminate/Database/Connection.php(812): Illuminate/Database/Connection->{closure:Illuminate/Database/Connection::select():398}()
#7 C:/Akmal/Digitefa/digitefa-jobportal-2026/lms-server-side/vendor/laravel/framework/src/Illuminate/Database/Connection.php(779): Illuminate/Database/Connection->runQueryCallback()
#8 C:/Akmal/Digitefa/digitefa-jobportal-2026/lms-server-side/vendor/laravel/framework/src/Illuminate/Database/Connection.php(398): Illuminate/Database/Connection->run()
#9 C:/Akmal/Digitefa/digitefa-jobportal-2026/lms-server-side/vendor/laravel/framework/src/Illuminate/Database/Query/Builder.php(3106): Illuminate/Database/Connection->select()
#10 C:/Akmal/Digitefa/digitefa-jobportal-2026/lms-server-side/vendor/laravel/framework/src/Illuminate/Database/Query/Builder.php(3091): Illuminate/Database/Query/Builder->runSelect()
#11 C:/Akmal/Digitefa/digitefa-jobportal-2026/lms-server-side/vendor/laravel/framework/src/Illuminate/Database/Query/Builder.php(3676): Illuminate/Database/Query/Builder->{closure:Illuminate/Database/Query/Builder::get():3090}()
#12 C:/Akmal/Digitefa/digitefa-jobportal-2026/lms-server-side/vendor/laravel/framework/src/Illuminate/Database/Query/Builder.php(3090): Illuminate/Database/Query/Builder->onceWithColumns()
#13 C:/Akmal/Digitefa/digitefa-jobportal-2026/lms-server-side/vendor/laravel/framework/src/Illuminate/Database/Eloquent/Builder.php(811): Illuminate/Database/Query/Builder->get()
#14 C:/Akmal/Digitefa/digitefa-jobportal-2026/lms-server-side/vendor/laravel/framework/src/Illuminate/Database/Eloquent/Builder.php(793): Illuminate/Database/Eloquent/Builder->getModels()
#15 C:/Akmal/Digitefa/digitefa-jobportal-2026/lms-server-side/vendor/laravel/framework/src/Illuminate/Support/Traits/ForwardsCalls.php(23): Illuminate/Database/Eloquent/Builder->get()
#16 C:/Akmal/Digitefa/digitefa-jobportal-2026/lms-server-side/vendor/laravel/framework/src/Illuminate/Database/Eloquent/Model.php(2372): Illuminate/Database/Eloquent/Model->forwardCallTo()
#17 C:/Akmal/Digitefa/digitefa-jobportal-2026/lms-server-side/app/Http/Controllers/CourseController.php(225): Illuminate/Database/Eloquent/Model->__call()
#18 C:/Akmal/Digitefa/digitefa-jobportal-2026/lms-server-side/vendor/laravel/framework/src/Illuminate/Routing/ControllerDispatcher.php(47): App/Http/Controllers/CourseController->allCourse()
#19 C:/Akmal/Digitefa/digitefa-jobportal-2026/lms-server-side/vendor/laravel/framework/src/Illuminate/Routing/Route.php(266): Illuminate/Routing/ControllerDispatcher->dispatch()
#20 C:/Akmal/Digitefa/digitefa-jobportal-2026/lms-server-side/vendor/laravel/framework/src/Illuminate/Routing/Route.php(212): Illuminate/Routing/Route->runController()
#21 C:/Akmal/Digitefa/digitefa-jobportal-2026/lms-server-side/vendor/laravel/framework/src/Illuminate/Routing/Router.php(808): Illuminate/Routing/Route->run()
#22 C:/Akmal/Digitefa/digitefa-jobportal-2026/lms-server-side/vendor/laravel/framework/src/Illuminate/Pipeline/Pipeline.php(170): Illuminate/Routing/Router->{closure:Illuminate/Routing/Router::runRouteWithinStack():807}()
#23 C:/Akmal/Digitefa/digitefa-jobportal-2026/lms-server-side/vendor/laravel/framework/src/Illuminate/Routing/Middleware/SubstituteBindings.php(51): Illuminate/Pipeline/Pipeline->{closure:Illuminate/Pipeline/Pipeline::prepareDestination():168}()
#24 C:/Akmal/Digitefa/digitefa-jobportal-2026/lms-server-side/vendor/laravel/framework/src/Illuminate/Pipeline/Pipeline.php(209): Illuminate/Routing/Middleware/SubstituteBindings->handle()
#25 C:/Akmal/Digitefa/digitefa-jobportal-2026/lms-server-side/app/Http/Middleware/ApiForceJsonResponse.php(18): Illuminate/Pipeline/Pipeline->{closure:{closure:Illuminate/Pipeline/Pipeline::carry():184}:185}()
#26 C:/Akmal/Digitefa/digitefa-jobportal-2026/lms-server-side/vendor/laravel/framework/src/Illuminate/Pipeline/Pipeline.php(209): App/Http/Middleware/ApiForceJsonResponse->handle()
#27 C:/Akmal/Digitefa/digitefa-jobportal-2026/lms-server-side/vendor/laravel/framework/src/Illuminate/Pipeline/Pipeline.php(127): Illuminate/Pipeline/Pipeline->{closure:{closure:Illuminate/Pipeline/Pipeline::carry():184}:185}()
#28 C:/Akmal/Digitefa/digitefa-jobportal-2026/lms-server-side/vendor/laravel/framework/src/Illuminate/Routing/Router.php(807): Illuminate/Pipeline/Pipeline->then()
#29 C:/Akmal/Digitefa/digitefa-jobportal-2026/lms-server-side/vendor/laravel/framework/src/Illuminate/Routing/Router.php(786): Illuminate/Routing/Router->runRouteWithinStack()
#30 C:/Akmal/Digitefa/digitefa-jobportal-2026/lms-server-side/vendor/laravel/framework/src/Illuminate/Routing/Router.php(750): Illuminate/Routing/Router->runRoute()
#31 C:/Akmal/Digitefa/digitefa-jobportal-2026/lms-server-side/vendor/laravel/framework/src/Illuminate/Routing/Router.php(739): Illuminate/Routing/Router->dispatchToRoute()
#32 C:/Akmal/Digitefa/digitefa-jobportal-2026/lms-server-side/vendor/laravel/framework/src/Illuminate/Foundation/Http/Kernel.php(201): Illuminate/Routing/Router->dispatch()
#33 C:/Akmal/Digitefa/digitefa-jobportal-2026/lms-server-side/vendor/laravel/framework/src/Illuminate/Pipeline/Pipeline.php(170): Illuminate/Foundation/Http/Kernel->{closure:Illuminate/Foundation/Http/Kernel::dispatchToRouter():198}()
#34 C:/Akmal/Digitefa/digitefa-jobportal-2026/lms-server-side/vendor/laravel/framework/src/Illuminate/Foundation/Http/Middleware/TransformsRequest.php(21): Illuminate/Pipeline/Pipeline->{closure:Illuminate/Pipeline/Pipeline::prepareDestination():168}()
#35 C:/Akmal/Digitefa/digitefa-jobportal-2026/lms-server-side/vendor/laravel/framework/src/Illuminate/Foundation/Http/Middleware/ConvertEmptyStringsToNull.php(31): Illuminate/Foundation/Http/Middleware/TransformsRequest->handle()
#36 C:/Akmal/Digitefa/digitefa-jobportal-2026/lms-server-side/vendor/laravel/framework/src/Illuminate/Pipeline/Pipeline.php(209): Illuminate/Foundation/Http/Middleware/ConvertEmptyStringsToNull->handle()
#37 C:/Akmal/Digitefa/digitefa-jobportal-2026/lms-server-side/vendor/laravel/framework/src/Illuminate/Foundation/Http/Middleware/TransformsRequest.php(21): Illuminate/Pipeline/Pipeline->{closure:{closure:Illuminate/Pipeline/Pipeline::carry():184}:185}()
#38 C:/Akmal/Digitefa/digitefa-jobportal-2026/lms-server-side/vendor/laravel/framework/src/Illuminate/Foundation/Http/Middleware/TrimStrings.php(51): Illuminate/Foundation/Http/Middleware/TransformsRequest->handle()
#39 C:/Akmal/Digitefa/digitefa-jobportal-2026/lms-server-side/vendor/laravel/framework/src/Illuminate/Pipeline/Pipeline.php(209): Illuminate/Foundation/Http/Middleware/TrimStrings->handle()
#40 C:/Akmal/Digitefa/digitefa-jobportal-2026/lms-server-side/vendor/laravel/framework/src/Illuminate/Http/Middleware/ValidatePostSize.php(27): Illuminate/Pipeline/Pipeline->{closure:{closure:Illuminate/Pipeline/Pipeline::carry():184}:185}()
#41 C:/Akmal/Digitefa/digitefa-jobportal-2026/lms-server-side/vendor/laravel/framework/src/Illuminate/Pipeline/Pipeline.php(209): Illuminate/Http/Middleware/ValidatePostSize->handle()
#42 C:/Akmal/Digitefa/digitefa-jobportal-2026/lms-server-side/vendor/laravel/framework/src/Illuminate/Foundation/Http/Middleware/PreventRequestsDuringMaintenance.php(110): Illuminate/Pipeline/Pipeline->{closure:{closure:Illuminate/Pipeline/Pipeline::carry():184}:185}()
#43 C:/Akmal/Digitefa/digitefa-jobportal-2026/lms-server-side/vendor/laravel/framework/src/Illuminate/Pipeline/Pipeline.php(209): Illuminate/Foundation/Http/Middleware/PreventRequestsDuringMaintenance->handle()
#44 C:/Akmal/Digitefa/digitefa-jobportal-2026/lms-server-side/vendor/laravel/framework/src/Illuminate/Http/Middleware/HandleCors.php(62): Illuminate/Pipeline/Pipeline->{closure:{closure:Illuminate/Pipeline/Pipeline::carry():184}:185}()
#45 C:/Akmal/Digitefa/digitefa-jobportal-2026/lms-server-side/vendor/laravel/framework/src/Illuminate/Pipeline/Pipeline.php(209): Illuminate/Http/Middleware/HandleCors->handle()
#46 C:/Akmal/Digitefa/digitefa-jobportal-2026/lms-server-side/vendor/laravel/framework/src/Illuminate/Http/Middleware/TrustProxies.php(58): Illuminate/Pipeline/Pipeline->{closure:{closure:Illuminate/Pipeline/Pipeline::carry():184}:185}()
#47 C:/Akmal/Digitefa/digitefa-jobportal-2026/lms-server-side/vendor/laravel/framework/src/Illuminate/Pipeline/Pipeline.php(209): Illuminate/Http/Middleware/TrustProxies->handle()
#48 C:/Akmal/Digitefa/digitefa-jobportal-2026/lms-server-side/vendor/laravel/framework/src/Illuminate/Foundation/Http/Middleware/InvokeDeferredCallbacks.php(22): Illuminate/Pipeline/Pipeline->{closure:{closure:Illuminate/Pipeline/Pipeline::carry():184}:185}()
#49 C:/Akmal/Digitefa/digitefa-jobportal-2026/lms-server-side/vendor/laravel/framework/src/Illuminate/Pipeline/Pipeline.php(209): Illuminate/Foundation/Http/Middleware/InvokeDeferredCallbacks->handle()
#50 C:/Akmal/Digitefa/digitefa-jobportal-2026/lms-server-side/vendor/laravel/framework/src/Illuminate/Pipeline/Pipeline.php(127): Illuminate/Pipeline/Pipeline->{closure:{closure:Illuminate/Pipeline/Pipeline::carry():184}:185}()
#51 C:/Akmal/Digitefa/digitefa-jobportal-2026/lms-server-side/vendor/laravel/framework/src/Illuminate/Foundation/Http/Kernel.php(176): Illuminate/Pipeline/Pipeline->then()
#52 C:/Akmal/Digitefa/digitefa-jobportal-2026/lms-server-side/vendor/laravel/framework/src/Illuminate/Foundation/Http/Kernel.php(145): Illuminate/Foundation/Http/Kernel->sendRequestThroughRouter()
#53 C:/Akmal/Digitefa/digitefa-jobportal-2026/lms-server-side/vendor/laravel/framework/src/Illuminate/Foundation/Application.php(1220): Illuminate/Foundation/Http/Kernel->handle()
#54 C:/Akmal/Digitefa/digitefa-jobportal-2026/lms-server-side/public/index.php(17): Illuminate/Foundation/Application->handleRequest()
#55 C:/Akmal/Digitefa/digitefa-jobportal-2026/lms-server-side/vendor/laravel/framework/src/Illuminate/Foundation/resources/server.php(23): require_once('...')
#56 {main}
"} 
